id,account_id,group_buy_id,tags,joined_at,country_leg_id,allow_extra_order
56e2ea6b-41ee-48ba-81dc-3a40a68812a0,sisfunmiabz,DBD3Q,[],2026-04-17 12:11:05.302346+00,,f
03ceaae4-74bb-4e1b-a200-2098fa4405e0,iam0121,DBD3Q,[],2026-04-13 22:24:08.194048+00,,f
4f57cb33-0c24-47de-866e-ab7a3b9409ea,reeper90,GW5JW,[],2026-04-17 12:56:28.668889+00,,f
223a5acf-2799-4393-b845-ad23f0d83bd7,littlemower,DBD3Q,[],2026-04-13 23:21:37.565632+00,,f
bc208b4a-fdc3-48c2-8ad9-f115369c8556,murkle_8,DBD3Q,[],2026-04-14 00:20:30.55628+00,,f
c0779a13-cfa0-4cf7-9b2b-d08a493b5a9a,johncenacme,DBD3Q,[],2026-04-14 01:58:23.351827+00,,f
b6bb0d04-1ce5-445d-8674-7ea979dc4340,jack3798,DBD3Q,[],2026-04-14 02:54:42.687+00,,f
0df2f093-231a-490b-a44f-1e4bbfd289cc,cchieft,93V4L,[],2026-04-14 11:31:33.014435+00,hnf08dna9l,f
4f2f5ef6-7c6d-4f54-88a4-1a1981538a0b,ahmaadj@gmail.com,GW5JW,[],2026-04-17 14:39:12.262114+00,,f
812d15d2-2649-4020-a888-f4ba030d24e7,papavperpetua1,93V4L,[],2026-04-14 03:36:14.338638+00,,f
1b5198d6-ee7f-4f0e-a84f-fec76c244f4b,such2bee,93V4L,[],2026-04-25 12:55:13.61996+00,hnf08dna9l,f
3f6e7ea8-b1d3-458f-9d8c-d2861d342d4b,xxsoca,GW5JW,[],2026-04-17 15:01:43.609923+00,,f
71c33d63-2eb9-41ce-93d0-6bc3c8261faf,jayjo8,DBD3Q,[],2026-04-14 04:39:37.304587+00,,f
59f80e3b-3bcd-460c-aa96-a333d1c8ae23,mago_conti,93V4L,[],2026-04-25 13:21:20.341006+00,qm1c0dvw80,f
de135f13-dfc9-49dd-be7d-fbea09f13073,leeb1020,93V4L,[],2026-04-14 05:04:46.741234+00,,f
9ef38237-bbc2-4cf5-a7af-3d4c8f4041f3,kenupfront,DBD3Q,[],2026-04-14 05:06:44.883685+00,,f
21f97245-c613-4daa-ba7c-81961b4970cd,ploddingalong,DBD3Q,[],2026-04-14 05:37:56.589179+00,,f
4e4ec1a0-958a-4ea6-a6c6-d1e04cfa84e2,burgertrain,93V4L,[],2026-04-14 09:17:46.474335+00,hnf08dna9l,f
f26bded6-cf28-4dfd-869f-e088243c047c,jeeunit,93V4L,[],2026-04-14 00:25:13.768933+00,hnf08dna9l,f
32f49d91-bf89-40ac-bf23-fae2a1849572,j_p_b8_2,DBD3Q,[],2026-04-14 06:21:38.428852+00,,f
114ef7fe-7acd-4a3f-9b2d-af7baf5c8755,k_dog90,DBD3Q,[],2026-04-14 06:25:32.950508+00,,f
afa52af5-f228-4808-b847-c0a07a886da3,zebble76,93V4L,[],2026-04-14 02:55:31.102472+00,hnf08dna9l,f
5647bf90-de08-4354-8127-fb964d71a98d,mercutio999,93V4L,[],2026-04-14 07:56:36.30271+00,hnf08dna9l,f
70ab0ec4-b00e-4e0a-b500-ea9a626844d7,bobb,93V4L,[],2026-04-14 06:55:19.792766+00,,f
deeb77db-bb64-48a1-831e-bed7eefe90ec,ploddingalong,93V4L,[],2026-04-14 05:38:03.627224+00,hnf08dna9l,f
4ea35b68-c8c6-45dd-8368-7cc65a4f773c,prem_peps,DBD3Q,[],2026-04-14 07:06:05.514774+00,,f
41b5a50c-5b93-46f6-afc7-0207dbba66ae,kre2101,93V4L,[],2026-04-14 13:53:41.927986+00,hnf08dna9l,f
ccd31d4a-71b7-42ad-9784-8daf0ab1d127,ziizeezii,93V4L,[],2026-04-14 08:27:26.015073+00,,f
eff71576-5712-4a72-8585-9cb3fe3736b2,dsw4382,DBD3Q,[],2026-04-17 16:38:25.4296+00,,f
c3b00f1f-3926-450f-901e-e39bf802ccd0,thequakee,93V4L,[],2026-04-14 08:54:07.279119+00,,f
ee952a05-0611-4c89-bcd3-589c1937e9d7,jonny_feather,93V4L,[],2026-04-14 00:56:48.509967+00,hnf08dna9l,f
ce9ee4c3-258f-438b-ba61-4f584a7552c7,kenupfront,93V4L,[],2026-04-14 05:07:24.55537+00,hnf08dna9l,f
aeb6ab41-2f3a-4514-9f83-7e4deedf8c68,simonayybee,93V4L,[],2026-04-14 09:51:58.789764+00,hnf08dna9l,f
5d8bd4a6-05cd-4f8c-9acd-a4292e640ea8,alisxalis,93V4L,[],2026-04-14 11:32:38.981053+00,,f
898d6b27-b5a6-4217-b3ba-cc7c1e4a75ab,littlecrayon768,93V4L,[],2026-04-14 12:45:37.723887+00,,f
86a4ae8e-cd77-4a4e-a6ed-85c8d4dc5fb7,ts96,DBD3Q,[],2026-04-14 13:09:06.538129+00,,f
9d628b94-e704-403d-a294-22f504dbcd4f,wrighty_01,DBD3Q,[],2026-04-14 14:47:42.296315+00,,f
84b61e3f-86d3-4a2f-b78e-cce57daf5d39,cptnmolo,93V4L,[],2026-04-14 04:46:55.797093+00,hnf08dna9l,f
aa3eb499-b75c-41c9-9f52-f5fdde3e4930,bananawastaken,93V4L,[],2026-04-13 23:43:32.785512+00,hnf08dna9l,f
ca786b1e-86c5-42f6-9ce6-45690fb17746,cwissuk,93V4L,[],2026-04-14 03:47:13.235336+00,hnf08dna9l,f
a513cd53-fde1-46ec-83dc-cdb0452d36dc,backtothepharma,93V4L,[],2026-04-14 11:16:16.511097+00,hnf08dna9l,f
91fef1ab-d4df-4713-815a-ec712094068a,grundlefly1,93V4L,[],2026-04-14 00:48:06.848863+00,hnf08dna9l,f
bfa84784-8e4c-48bc-9543-ff28bee31ede,jakeh1992,93V4L,[],2026-04-14 05:09:44.163535+00,hnf08dna9l,f
90978457-01d8-4f0c-ad77-41eb6db8d23b,jord133,93V4L,[],2026-04-17 17:17:51.482529+00,hnf08dna9l,f
d30a35c7-ee4e-444a-ad56-7cf471b6c57c,panth89,93V4L,[],2026-04-14 10:32:29.155302+00,hnf08dna9l,f
a8b3b38c-9b6d-4875-bc1a-b34cf95d1c14,kabz82,93V4L,[],2026-04-14 04:44:49.802231+00,hnf08dna9l,f
0c1dd6a6-c666-4828-9518-93b8249115d5,julialeonard107,93V4L,[],2026-04-14 08:08:26.328616+00,hnf08dna9l,f
7ce36178-6d94-48cc-a224-b2792217832c,oc1313,93V4L,[],2026-04-14 11:15:36.95528+00,hnf08dna9l,f
f451813a-81fd-4f2e-80f6-86e7c9cc59ee,carpediem831,93V4L,[],2026-04-14 11:32:30.687826+00,hnf08dna9l,f
662f15da-a16c-483a-8d5e-b1458f68ab2b,ts96,93V4L,[],2026-04-14 13:01:58.366372+00,hnf08dna9l,f
c5e82abd-c100-40f1-b818-114de1cbc0ab,saxont,93V4L,[],2026-04-14 06:34:06.937765+00,hnf08dna9l,f
c844c7e4-a477-4b4d-86d9-5b88a76131ab,del boy6666,93V4L,[],2026-04-14 06:05:23.000881+00,hnf08dna9l,f
1132a42e-6e9e-4f7c-a43e-690aaaf0ddac,bae boo,93V4L,[],2026-04-14 00:02:15.228555+00,hnf08dna9l,f
902e285e-4861-4232-87ee-8c599b34fe40,josie_uk,93V4L,[],2026-04-13 23:37:39.113511+00,hnf08dna9l,f
4855407a-a26f-4eff-8da0-1570653a2e2a,hotlinerider,93V4L,[],2026-04-14 01:36:47.759911+00,hnf08dna9l,f
80ff726c-8831-4f12-bc4c-065a07ba3ff8,livejdm,93V4L,[],2026-04-13 23:43:15.720437+00,hnf08dna9l,f
b8b24eb9-a42e-43ea-808d-493db81206d6,adev81,93V4L,[],2026-04-13 23:27:36.994868+00,hnf08dna9l,f
0fe9bc63-1406-4d0b-9d6d-255cb044eac8,scott,93V4L,[],2026-04-14 05:46:17.597017+00,hnf08dna9l,f
39634b3d-2f80-4ba4-ad37-424cb28bb75f,slimmyt247,93V4L,[],2026-04-14 08:11:57.39378+00,hnf08dna9l,f
26c88aa2-9db4-4b4b-a44b-2b6e56bba235,jack3798,93V4L,[],2026-04-14 02:53:10.990888+00,hnf08dna9l,f
d44ff4b5-857c-475f-b0e5-31f70cfb51ba,jayjo8,93V4L,[],2026-04-14 04:38:16.819626+00,hnf08dna9l,f
200bd485-bee7-4c6c-b9b8-31d3924ce61a,david2427,93V4L,[],2026-04-14 11:55:33.940297+00,hnf08dna9l,f
5bda657f-da95-4e2c-90fc-0fc8ecd2b17c,ironmanjamie,93V4L,[],2026-04-14 08:23:39.326906+00,hnf08dna9l,f
23594131-cd37-4085-ad3b-6f42c5f3e00f,flodelpep,93V4L,[],2026-04-14 08:19:04.250198+00,hnf08dna9l,f
046fe2d6-5d82-46de-8138-e685685ff6ee,murkle_8,93V4L,[],2026-04-14 01:53:59.245974+00,hnf08dna9l,f
96e60f6f-1654-4faf-a9bb-34b2671a3b61,tbby123,93V4L,[],2026-04-17 17:41:20.836263+00,hnf08dna9l,f
4fc78cb6-e433-4c76-8820-0fe44eb37393,johnnywalker70,93V4L,[],2026-04-14 05:52:32.84913+00,hnf08dna9l,f
c6959ef1-1755-42c4-b177-610151648ac2,iam0121,93V4L,[],2026-04-13 22:11:34.066565+00,hnf08dna9l,f
266e4454-32a0-4619-9913-9e79cd7668b0,johncenacme,93V4L,[],2026-04-14 01:58:08.007757+00,hnf08dna9l,f
f137dc6a-d404-480e-a580-9a8179e19781,cchieft,DBD3Q,[],2026-04-14 16:30:23.29954+00,,f
34c24649-3083-4e10-bd01-464d2ba427db,reeper90,DBD3Q,[],2026-04-17 12:58:21.655489+00,,f
6c490717-b6ae-43f6-a7d2-0bf00b7ca86e,danwill108,DBD3Q,[],2026-04-14 16:43:52.823832+00,,f
5436a095-9f99-4da3-8576-425c6ef7bccb,domtg1,93V4L,[],2026-04-14 16:53:09.697834+00,hnf08dna9l,f
497e6a11-0a54-435b-b75f-9ce77b3a2ffa,crusader2077,DBD3Q,[],2026-04-14 18:32:51.945443+00,,f
69e74211-fc4c-427c-9e65-db45175d9681,basilbrush1,DBD3Q,[],2026-04-17 16:59:22.574485+00,,f
19217629-fe3a-4b97-9eaf-22db2b379d62,aliask,93V4L,[],2026-04-14 19:45:51.494736+00,,f
b3d92181-ac9b-4418-a06a-93c4a075c4d6,figuerro,GW5JW,[],2026-04-17 17:24:50.452985+00,,f
8c78f7f5-255c-41c4-89dd-52f9d3f10b1c,waynabe,GW5JW,[],2026-04-17 17:47:23.755303+00,,f
d7affddd-c66f-4a95-8ef2-edaef7b03e43,lewi9311,GW5JW,[],2026-04-17 17:53:34.277484+00,,f
5086965b-517a-4603-9540-74e138d57903,inmarneil,GW5JW,[],2026-04-17 18:42:04.851388+00,,f
cf9ae074-319c-4a46-b4fb-2eb5cac68656,iam0121,5CD5N,[],2026-04-14 20:29:13.2019+00,,f
f7330714-a101-482b-b796-472756a81991,bigdladd,93V4L,[],2026-04-14 19:51:03.633841+00,hnf08dna9l,f
89b31031-f98c-44d2-8c20-112e3962d6a6,notmuchrom,93V4L,[],2026-04-14 20:42:57.337642+00,hnf08dna9l,f
0978e36d-afbb-4e34-984b-bdeb23499a53,hagridv99,93V4L,[],2026-04-14 16:19:11.296951+00,hnf08dna9l,f
2d7a442b-81a5-4a65-acd7-c301359c6253,crusader2077,93V4L,[],2026-04-14 18:32:42.079946+00,hnf08dna9l,f
43d8a157-1972-4f59-a231-27a258152386,lj_performanceuk,93V4L,[],2026-04-14 18:43:02.745685+00,hnf08dna9l,f
a553990a-8316-479d-9e22-638f8a9c044f,fergmcferg,93V4L,[],2026-04-14 16:23:41.691633+00,hnf08dna9l,f
63063dcd-e5fc-4bd1-a8d3-870c746d06e6,dmacd9,93V4L,[],2026-04-17 15:30:45.186525+00,hnf08dna9l,f
482b584b-1118-4184-a92b-6d98bb011554,dsw4382,93V4L,[],2026-04-15 00:42:22.94382+00,,f
e8014a59-f359-4bc2-a92d-749ca92b3a3b,ziwani9,93V4L,[],2026-04-15 06:14:45.669206+00,,f
6b738afe-7bae-48f6-a409-9261e5848c5f,ziwani9,DBD3Q,[],2026-04-15 06:20:35.75897+00,,f
ca68f88c-69f3-4d66-8316-332c5e86c341,annamarie444,93V4L,[],2026-04-15 08:03:24.645107+00,,f
7d541ecb-34f7-4a2b-bf54-1772fd53bd20,sophie.mackenzie09@gmail.com,93V4L,[],2026-04-14 19:57:09.324177+00,hnf08dna9l,f
fb14b0a1-daad-4b75-b509-476dc5a105ea,theseal99,93V4L,[],2026-04-15 10:29:48.985409+00,hnf08dna9l,f
6ad25516-edda-4622-9126-5dcf6b42c9a3,sublantis,93V4L,[],2026-04-14 20:44:53.386778+00,hnf08dna9l,f
c0513ee4-ad2e-4bb5-964c-e22b36090668,grahamjoyce,93V4L,[],2026-04-15 06:26:34.10926+00,hnf08dna9l,f
b8f148f6-14b6-4def-86d7-307b66f00b5d,ric_peptidepool,93V4L,[],2026-04-15 09:56:54.689545+00,,f
6a37e664-4b5f-4f76-ba9c-e63c4505a0e4,nikola kostadinov,93V4L,[],2026-04-14 20:10:49.310594+00,hnf08dna9l,f
631ece67-2094-47ed-9a98-826d5a92bdd4,sicoted,GW5JW,[],2026-04-15 11:09:36.34253+00,,f
c71ffd73-b181-4d46-baf4-0b15916d11ca,jeeunit,GW5JW,[],2026-04-15 11:10:23.421886+00,,f
d9fb057c-f3c9-43ce-ac76-8281821750d1,griffog,GW5JW,[],2026-04-15 11:11:41.220274+00,,f
4ea9c8ba-5b2d-4ce2-bf27-c182382f3973,bobb,GW5JW,[],2026-04-15 11:11:50.763904+00,,f
a781cb60-d72d-40b4-bc60-d02432e05723,ajer6130,GW5JW,[],2026-04-15 11:11:59.264559+00,,f
14d699d3-f4e9-499b-9a86-937ff81936d6,squnchy,93V4L,[],2026-04-15 05:41:55.902822+00,hnf08dna9l,f
97b97cd8-1327-4877-9648-ae5e05eb8cb9,lizzie2391,GW5JW,[],2026-04-15 11:13:20.844187+00,,f
8908621a-b2ba-48d4-a505-e394316eaaf2,echopale,GW5JW,[],2026-04-15 11:13:50.546299+00,,f
d8aa34b3-82c8-439c-8f84-3b6f82651934,zebble76,GW5JW,[],2026-04-15 11:14:02.460374+00,,f
08b581fa-227c-4fcb-ade8-c58f03d9da42,con1642,93V4L,[],2026-04-15 08:24:02.077644+00,hnf08dna9l,f
1b0c6748-277a-42cc-9c4b-ea3723ea70da,johncenacme,GW5JW,[],2026-04-15 11:14:34.8288+00,,f
da847beb-3297-40ec-aab7-d9ea32c3dce5,opalmarine,93V4L,[],2026-04-15 09:57:24.689176+00,hnf08dna9l,f
38763821-4959-4c29-842a-e8b2b330e8ef,papavperpetua1,GW5JW,[],2026-04-15 11:15:32.344472+00,,f
5e4249a3-0ad7-4837-94de-428823e1a868,notmuchrom,GW5JW,[],2026-04-15 11:16:48.879109+00,,f
1a9873fe-87fd-4785-aaf2-e0d9a36993ce,dpr22222,GW5JW,[],2026-04-15 11:18:40.350173+00,,f
d6ae3886-a6b6-4cf4-b20f-0038f48b29bd,jklon1977,93V4L,[],2026-04-15 10:12:48.953432+00,hnf08dna9l,f
80f84870-908b-4c6f-8e2e-8fef3b0116bc,kabz82,GW5JW,[],2026-04-15 11:20:10.903381+00,,f
70d96685-1e91-45a9-9965-08fe929bc1f5,prem_peps,GW5JW,[],2026-04-15 11:21:19.166721+00,,f
298a24bf-d259-4ace-810f-51ed00fab614,jackw5827,GW5JW,[],2026-04-15 11:21:59.547392+00,,f
f83688dc-560c-479d-8dae-fdf2715ae71a,oj,93V4L,[],2026-04-14 16:59:57.798732+00,hnf08dna9l,f
37b91c51-8dee-4281-8594-10d743b14e71,andyt2888,93V4L,[],2026-04-14 21:36:32.270705+00,hnf08dna9l,f
f070645c-bff4-47c1-bfc7-c8c30b176804,ric_peptidepool,GW5JW,[],2026-04-15 11:25:11.708712+00,,f
7dbaf76f-72b5-4ff0-b6d2-d30161f8dcef,atzz_mm,93V4L,[],2026-04-15 08:49:33.366412+00,hnf08dna9l,f
1967e78f-aa5b-4b3f-94da-61d520e894af,galya_mihalkova1,93V4L,[],2026-04-15 10:48:55.842461+00,hnf08dna9l,f
73b4ac1b-9ac5-4cde-9f05-0b39853dfad4,grundlefly1,GW5JW,[],2026-04-15 11:28:14.193865+00,,f
7b3d802e-f70e-4056-a741-bb7f927268a4,seb_uk,93V4L,[],2026-04-14 14:47:51.693912+00,hnf08dna9l,f
df5fe213-5f4b-4b16-8c97-cc766d01c4e4,iam0121,GW5JW,[],2026-04-15 11:29:34.499209+00,,f
f17a1f32-dbe7-4c09-bfae-4f573241aa55,sisfunmiabz,GW5JW,[],2026-04-15 11:30:02.379212+00,,f
cf5e2f44-d7b4-4fe7-9b00-5720fe45a1c0,cwissuk,GW5JW,[],2026-04-15 11:31:30.947447+00,,f
117e7c0d-7ad6-4be1-8e8e-a9a3baf7f013,mand233,GW5JW,[],2026-04-15 11:33:29.490287+00,,f
88cebe99-eae1-46c9-81b5-2c51446bb92c,jedibarnett,GW5JW,[],2026-04-15 11:36:39.4898+00,,f
3a1221d0-eba4-4ebf-8fb2-04ca95bf0d0b,emily_bleak,GW5JW,[],2026-04-15 11:37:38.954221+00,,f
02193ee8-0a62-4ee4-9306-d41493359d5c,scottietherealone,GW5JW,[],2026-04-15 11:39:06.709097+00,,f
5d961a03-226c-4b49-9dda-14a97ad9ab1c,stevey26,GW5JW,[],2026-04-15 11:41:30.981882+00,,f
bdfe24b3-da90-49f3-ab30-09feb30edb48,amayoe,GW5JW,[],2026-04-15 11:44:33.528351+00,,f
af124f01-1b8c-4dd7-816b-03611a916761,antonyb766,GW5JW,[],2026-04-15 11:45:27.864828+00,,f
46260007-fdb3-4e2c-bbed-9d0e463b9a13,fergmcferg,GW5JW,[],2026-04-15 11:47:13.961273+00,,f
229257b8-83ff-45f1-9bcb-a9ca8e19683c,j_p_b8_2,GW5JW,[],2026-04-15 11:51:46.076976+00,,f
61ca9697-aaea-4371-ae5c-e11e7493fe23,jez57,GW5JW,[],2026-04-15 11:54:51.631484+00,,f
82d077b6-3e66-4df7-a526-f03d99ef848e,kcla204,GW5JW,[],2026-04-15 11:58:37.375917+00,,f
672a7617-c799-4434-ba39-b9a8a8a789b4,alexmd07,GW5JW,[],2026-04-15 12:01:08.499723+00,,f
23a0a756-7d23-4c36-9ae9-531a422131d1,jayjo8,GW5JW,[],2026-04-15 12:02:29.216979+00,,f
6ee763ca-2e9e-4237-a995-0b9c685e6a9e,philnts,GW5JW,[],2026-04-15 12:04:36.567417+00,,f
4a54e2ac-db0f-4496-86aa-8f1b2303fb68,mr_rusty67,GW5JW,[],2026-04-15 12:05:42.269462+00,,f
4c3b6aae-0461-40b2-a24c-7f041e99ae65,sublantis,GW5JW,[],2026-04-15 12:05:47.174044+00,,f
8659fefa-0542-435f-95f8-d22cbbf12cc4,livejdm,GW5JW,[],2026-04-15 12:06:12.531676+00,,f
f80ad365-a428-494e-a36e-64eba9bf241b,panth89,GW5JW,[],2026-04-15 12:07:54.982608+00,,f
52b0766e-8d3f-482f-a85d-7fff71e548d2,jord133,GW5JW,[],2026-04-15 12:08:17.376008+00,,f
69daf3dd-32d1-406a-a6d2-3ff6993e217a,pepboy43,93V4L,[],2026-04-25 08:51:08.713709+00,hnf08dna9l,f
feaa8d1d-63b5-43ab-beca-6bb7e469e645,jez57,DBD3Q,[],2026-04-15 12:11:20.581487+00,,f
86a5a66d-31ca-455e-9c48-308d48afa560,griffog,93V4L,[],2026-04-15 20:33:51.092333+00,hnf08dna9l,f
edde0a40-747f-4134-b98b-e7644468dad9,phillmer,93V4L,[],2026-04-15 20:14:10.326489+00,hnf08dna9l,f
06591034-f670-4ff3-9e27-dd3184910ac3,oakandiron,GW5JW,[],2026-04-15 12:13:38.148556+00,,f
b37760f3-c157-4eb8-9ef1-49105adf6ed0,peboy43,93V4L,[],2026-04-15 15:55:02.678385+00,hnf08dna9l,f
063cfa17-01c4-4fe3-ab0c-e4a6b5adcdc1,rossfstan79@gmail.com,GW5JW,[],2026-04-15 12:17:54.701506+00,,f
7679d4c4-be67-4143-acbf-a94b694a4c0f,rachelshaw,GW5JW,[],2026-04-15 12:20:07.80422+00,,f
857c6ded-df9e-48cf-a9f6-de599f0d0449,leilola1,93V4L,[],2026-04-15 16:57:33.621482+00,hnf08dna9l,f
65032b98-c16c-4f89-8e3f-4186db429811,yogi2876,GW5JW,[],2026-04-15 12:26:13.451126+00,,f
0b3c7ec3-f92b-4113-9462-43f1ef10ef7b,r1chmo,GW5JW,[],2026-04-15 12:27:59.650655+00,,f
feca3ac5-1a36-47b9-b154-578859942508,j4mes_r,GW5JW,[],2026-04-15 12:37:39.394985+00,,f
1f144e01-b652-4477-9b38-c2e9c07a2572,dazzlaj,GW5JW,[],2026-04-15 12:48:23.694511+00,,f
61d48c2a-82ca-4973-a011-1176b1adf792,sh4n_97,93V4L,[],2026-04-15 15:34:27.308583+00,hnf08dna9l,f
fb9b3494-a23d-48e5-a24c-68d155d8a15a,peptidehunteruk,GW5JW,[],2026-04-15 13:08:45.744746+00,,f
9e0921df-3260-4ac3-9d8f-3cf4e3fd748c,oakandiron,93V4L,[],2026-04-15 22:28:09.59343+00,hnf08dna9l,f
360a2c57-1413-479f-a1b2-8b1e1d119b94,jack3798,GW5JW,[],2026-04-15 13:22:31.759732+00,,f
592ff06a-4473-4f87-abfd-5f528fb30cbe,tabbycollector,93V4L,[],2026-04-15 19:32:40.33788+00,hnf08dna9l,f
528b934f-65e6-487b-bb6c-dcda363919a8,j1m_e,GW5JW,[],2026-04-15 13:30:57.132289+00,,f
02333664-bbee-48d0-baf5-de0cadcfdd74,ow1818,GW5JW,[],2026-04-15 13:32:56.493427+00,,f
aa029685-9bbd-4906-aebe-ef8cd1539840,ow1818,DBD3Q,[],2026-04-15 13:33:08.515163+00,,f
db594b76-abf0-43dc-9d51-5c16483df97c,tbby123,GW5JW,[],2026-04-15 13:36:29.792025+00,,f
2ef8031e-75b2-4c05-a07b-a702efda63c5,crusader2077,GW5JW,[],2026-04-15 13:38:09.25392+00,,f
6086adf8-fe93-4b27-9709-a101517a4c87,irm1208,GW5JW,[],2026-04-15 13:41:19.872697+00,,f
0fe932d7-e09d-4db6-90be-c118b67a441f,j_p_b8_2,93V4L,[],2026-04-15 12:40:13.133757+00,hnf08dna9l,f
7671d918-8d76-407f-a94a-a46d6ee6dde8,heych91,GW5JW,[],2026-04-15 15:32:26.835639+00,,f
43d9e40a-c824-409b-9081-98ef853371fe,peboy43,GW5JW,[],2026-04-15 15:38:43.952708+00,,f
92ea6e6f-cd46-4823-865f-e2469263dfac,spbarrett@proton.me,93V4L,[],2026-04-15 21:47:26.939304+00,hnf08dna9l,f
e0590184-efeb-47b1-ac74-dce864b40535,stvn1987,DBD3Q,[],2026-04-15 15:48:05.648471+00,,f
f836b844-8e6b-406d-b63b-49db66c89060,stvn1987,GW5JW,[],2026-04-15 15:50:23.428355+00,,f
582961d7-0d08-433d-8918-771d29ba2f9a,peboy43,DBD3Q,[],2026-04-15 15:54:46.557561+00,,f
ea7db054-e417-45ad-9c1a-8342f3216990,ploddingalong,GW5JW,[],2026-04-15 16:00:42.916746+00,,f
11702c58-d4ab-47c2-b3f0-30d56ed5a181,rtac26,93V4L,[],2026-04-15 12:37:53.276356+00,hnf08dna9l,f
9df8c059-cf04-4627-a21e-f8ec97b7c8d4,fbx2000,GW5JW,[],2026-04-15 23:44:24.404776+00,,f
0661ca58-103f-4119-b078-0e92b4d71c76,jph0402,93V4L,[],2026-04-15 16:31:18.359242+00,hnf08dna9l,f
08206bde-32e3-4b47-991b-0e182a8e9757,atzz_mm,GW5JW,[],2026-04-15 16:44:03.707456+00,,f
50f628f6-726b-47fc-a802-03d051468c6f,xxpoppyx,GW5JW,[],2026-04-15 16:48:41.4974+00,,f
ffffcf65-fa21-4ab6-9673-2e521a9b5d87,jph0402,GW5JW,[],2026-04-15 16:50:13.268775+00,,f
c70e886b-6c08-4099-91e9-a5078528ec3d,noshoesnoservice,93V4L,[],2026-04-15 16:50:25.921176+00,,f
5a8578e0-2752-46fa-a5fc-db0856927425,noshoesnoservice,DBD3Q,[],2026-04-15 16:51:38.70313+00,,f
7f4f69df-b28a-4b03-a047-ee0114147f5d,clarke212,93V4L,[],2026-04-15 18:45:33.315649+00,hnf08dna9l,f
cc3233dd-6746-4118-95fa-bad196a5bce3,littlecrayon768,GW5JW,[],2026-04-15 16:54:47.162782+00,,f
22077d25-3fc4-458a-a4bc-6d309ad2b553,leilola1,DBD3Q,[],2026-04-15 16:58:34.45822+00,,f
e5a27582-97de-4bc5-b16e-0ee69793233e,leilola1,GW5JW,[],2026-04-15 17:01:51.721819+00,,f
2ec5eb78-de12-438a-aa5d-f9c4ac4dfb34,k_andl,93V4L,[],2026-04-15 17:11:29.773453+00,hnf08dna9l,f
f18c7f2d-b66b-4c39-9e62-d0fbfc995213,simon01702,GW5JW,[],2026-04-15 17:04:54.504286+00,,f
17a28bd5-74c7-49c1-aacf-9d0ceda158c7,andorito,GW5JW,[],2026-04-15 17:08:14.429967+00,,f
9a0d7a23-7929-40b4-8b77-1d2729971efe,irm1208,93V4L,[],2026-04-15 18:24:17.59079+00,hnf08dna9l,f
21c3d593-4b8a-489c-a4db-4efd2a0f0d2f,rachelshaw,93V4L,[],2026-04-15 17:15:27.127859+00,,f
42a146c5-9782-47c1-affd-c5561fa50aae,xxpoppyx,93V4L,[],2026-04-15 22:19:17.824044+00,hnf08dna9l,f
fa706b96-5c27-4963-bfba-0409f6244881,brudabrudda,93V4L,[],2026-04-15 17:23:35.200789+00,hnf08dna9l,f
251a7813-a55b-42d1-acc9-4ac0abcba1a9,fonymanctana,GW5JW,[],2026-04-15 17:42:55.630041+00,,f
6e1fcceb-b3ac-401f-ae41-6b6a62444284,iam0121,522CU,[],2026-04-15 17:46:57.792346+00,,f
76dd7c6a-6c22-468b-a08f-fdf99b376ce3,josie_uk,GW5JW,[],2026-04-15 18:30:17.268136+00,,f
6b00c741-5fb6-4d00-85db-db594e3154ea,lusty3982,GW5JW,[],2026-04-15 18:53:13.366614+00,,f
5bd08045-3722-4a55-b9d9-9b05dcad4065,peptidequeeen,DBD3Q,[],2026-04-15 19:13:46.196614+00,,f
298cf5ac-5b0a-489e-b10c-94ec360170b0,peptidequeeen,93V4L,[],2026-04-15 19:14:23.202892+00,,f
31b4b135-46eb-4dab-a60f-3f70d351ddc4,tabbycollector,GW5JW,[],2026-04-15 19:25:47.792895+00,,f
daa6efe0-d9e5-4846-936f-cca569110fb1,mirculina,GW5JW,[],2026-04-15 19:31:59.236177+00,,f
c852f50d-c21a-4b4e-8a90-7aea69297624,bk1node,93V4L,[],2026-04-15 20:30:21.08026+00,,f
89c11553-38e4-4349-b867-a911db3e400f,emily_bleak,DBD3Q,[],2026-04-15 20:41:22.624841+00,,f
5a0c3cb5-9f3b-430d-a736-3c91645db4b5,billlehhhhhhjok,GW5JW,[],2026-04-15 21:53:25.926324+00,,f
1d01fd81-71e2-4525-83a0-7d0844c230c1,murkle_8,GW5JW,[],2026-04-15 21:56:19.513971+00,,f
a49f22b9-400a-4e2f-b90a-84d49f34a505,jb adiposcience,DBD3Q,[],2026-04-16 01:59:15.795156+00,,f
aa43bab4-654c-490b-a6e5-7c9ea8a170da,castlej93,93V4L,[],2026-04-25 09:20:25.609723+00,hnf08dna9l,f
6293e8e0-afa5-4f77-80c2-53f3b10c839b,t86102023,93V4L,[],2026-04-16 04:07:13.832745+00,,f
075c970e-9201-486b-b924-d3fb941816e7,1poundfish,GW5JW,[],2026-04-16 04:21:30.780452+00,,f
41d22027-4fdd-43c4-abab-69b0cfe2fa37,jah1991,GW5JW,[],2026-04-16 05:11:24.670031+00,,f
75729fc5-40ba-4e8c-9dd7-a589aaba6e1e,ohinge,93V4L,[],2026-04-17 22:05:17.824494+00,hnf08dna9l,f
d520f23c-56a7-4753-8bcb-7e6bce656c42,bjtheway85,GW5JW,[],2026-04-16 05:29:00.397905+00,,f
5687c6e3-b350-45d9-aabd-c9894e3c5c92,deexab,DBD3Q,[],2026-04-16 05:39:53.578008+00,,f
6bec2203-fbca-4724-9be2-d755e3e23366,genexajay,93V4L,[],2026-04-17 17:06:27.684201+00,hnf08dna9l,f
b930e919-bbc4-4bd2-b67c-4db835a1b400,ukhospira,GW5JW,[],2026-04-16 05:53:24.930883+00,,f
be9f88ac-cebe-4dc6-b211-8ce6564eaefd,antfrenchy,93V4L,[],2026-04-17 20:40:34.098388+00,hnf08dna9l,f
79c46092-ac5e-44d6-93c7-a7b212d199f0,johnnywalker70,DBD3Q,[],2026-04-16 06:15:43.148099+00,,f
f4de3321-735b-4b26-bf91-6404a4d45cd1,ironmanjamie,GW5JW,[],2026-04-16 06:17:57.428404+00,,f
9570aa30-0b5d-4b1f-91e0-0de3f6a2202c,deexab,93V4L,[],2026-04-16 05:37:51.085672+00,hnf08dna9l,f
cafff1e8-be69-4448-ac52-5d78079afaab,sure_swan,93V4L,[],2026-04-16 08:18:14.597243+00,,f
f73e0ccf-dae5-4698-8171-a7fef407c33f,lore24ge,93V4L,[],2026-04-17 22:39:56.208581+00,qm1c0dvw80,f
9ca43709-7d8d-4942-9487-1cd1215ee157,ben savage,DBD3Q,[],2026-04-16 09:33:59.68001+00,,f
a60cb182-439f-40b5-a4e5-f9aca798a82a,deexab,GW5JW,[],2026-04-16 11:19:40.217635+00,,f
fb3dbc58-7945-4a51-87a4-1646114c5fd6,bananawastaken,GW5JW,[],2026-04-16 14:51:52.966177+00,,f
9e2eda75-5c1f-47ab-a7eb-8b19672a232b,irm1208,DBD3Q,[],2026-04-16 15:51:00.604852+00,,f
c24f7e34-b614-4cb6-b245-350e17b0a878,genexajay,DBD3Q,[],2026-04-17 17:30:49.193573+00,,f
b7009d17-f2d3-45fd-bdde-dc6222c2b2bb,caveguard,GW5JW,[],2026-04-16 17:33:04.392094+00,,f
ed463718-73b9-4f01-8201-bca3f69f3b88,adrianb8989,GW5JW,[],2026-04-17 18:39:25.955491+00,,f
4d490c66-655e-40cc-9fd4-0206efd58a26,inmarneil,93V4L,[],2026-04-17 18:48:21.883997+00,,f
f9a16407-ff58-44c3-976d-2ee350022b67,ukhospira,93V4L,[],2026-04-17 19:51:58.086534+00,,f
a381c041-9208-42d4-bbca-7acdad78eb54,domtg1,GW5JW,[],2026-04-16 19:36:01.854578+00,,f
ee513368-10df-457e-9d9a-5ec17adcfd72,lovekitten88a,GW5JW,[],2026-04-16 20:24:53.04009+00,,f
6dd9c3cf-463c-44d4-aeb1-25e8e866f504,purpleguava3127,GW5JW,[],2026-04-16 20:57:41.297574+00,,f
784c938b-39c7-4a32-ae2b-6cf49870e96c,dmarq6,GW5JW,[],2026-04-16 21:28:20.062838+00,,f
9a992805-de9c-4562-8140-2b227f034fb3,mackna_b,GW5JW,[],2026-04-16 21:32:11.217894+00,,f
02a96b4f-1ea5-4323-b6c3-7f3bb1c702a3,juggaknot666,GW5JW,[],2026-04-16 21:33:26.608938+00,,f
17f8d0a5-69cd-471e-8316-eac0a1a41e42,lwddd1998,GW5JW,[],2026-04-16 21:40:15.057355+00,,f
d119f481-5b9a-443a-b8c2-5d4850cc4adf,90skid,GW5JW,[],2026-04-16 21:41:20.902226+00,,f
35fb5bed-f7ee-4147-b255-ffb6b4f0c086,lolomatix,GW5JW,[],2026-04-17 20:53:32.623781+00,,f
41b2641a-0902-4d61-b141-9ce2015e8982,redbiro,GW5JW,[],2026-04-17 21:38:17.455806+00,,f
b51d3ab0-4098-42b5-92b4-24ad8d9d6c1b,juggaknot666,DBD3Q,[],2026-04-16 22:26:48.236379+00,,f
e9e29fa5-0c69-4f59-96a4-79dfce20f3ef,redbiro,93V4L,[],2026-04-17 22:03:20.938129+00,,f
5475446e-7ed7-4342-9564-8156101561c5,rhydanik,DBD3Q,[],2026-04-16 22:42:49.546036+00,,f
e2a98084-1c1e-431d-8ef5-fffddca85c06,jonaskamoto,GW5JW,[],2026-04-16 23:17:03.382164+00,,f
f74176e5-61c0-4393-b7a8-4a5fb0e8366a,t86102023,DBD3Q,[],2026-04-17 03:03:12.458554+00,,f
c92568a5-59c9-4785-83b3-3b6c9c619035,ellie2603,GW5JW,[],2026-04-17 04:52:26.97842+00,,f
dfbac9c3-966f-4291-9a23-5d7977377d6a,antots3,93V4L,[],2026-04-17 05:16:10.859331+00,,f
8566ae03-40e1-4038-8a44-311a9c60a406,bat_102,GW5JW,[],2026-04-17 05:37:34.802995+00,,f
e5dd2c1e-dcfe-4865-a4c7-ed7e6b4bb851,magxvv,GW5JW,[],2026-04-17 06:04:03.320525+00,,f
335a2f22-d028-4186-ac98-3ede5e2babe2,rwvwsw,GW5JW,[],2026-04-17 06:14:26.664018+00,,f
71396cd6-93b4-4e23-b11f-54fd42a71d52,tikki,GW5JW,[],2026-04-17 06:16:13.82133+00,,f
6e48731a-75a8-4f42-9757-f10ba9727387,scott,DBD3Q,[],2026-04-17 06:21:14.097892+00,,f
56ac510e-419b-446e-b3ec-af69dbc933ee,phillmer,DBD3Q,[],2026-04-17 06:33:46.996795+00,,f
f75bf705-f9b7-4ead-8cfb-4d349a90c46b,rhydanik,GW5JW,[],2026-04-17 06:39:50.001217+00,,f
f3634963-66f2-43ae-84fb-082878be4641,azulrob,GW5JW,[],2026-04-17 06:59:56.910595+00,,f
1b901dce-c5c3-47eb-996d-1e4f7c5d7d5a,ket_kit_kat,GW5JW,[],2026-04-17 07:11:47.605069+00,,f
6fad8520-83c8-4187-97e6-fa97da8b72e6,treebutcher67,GW5JW,[],2026-04-17 07:18:44.715782+00,,f
9af06619-612d-4e5e-abf1-bc7e91dc5796,b_johannessen,GW5JW,[],2026-04-17 07:43:02.244951+00,,f
45758568-311a-4292-baff-b933f68c7973,siliconspectre,GW5JW,[],2026-04-17 08:09:36.894351+00,,f
549776fb-853a-46eb-b2f1-801bca4a2342,reidyontour,DBD3Q,[],2026-04-17 08:32:05.503312+00,,f
dc12c5e2-44b6-4dcf-b438-a1d2dba44ebf,tobenek,GW5JW,[],2026-04-17 09:45:08.155695+00,,f
d04fe556-b468-4164-b050-e3c040314226,reidyontour,GW5JW,[],2026-04-17 09:49:09.463114+00,,f
27f155e5-0ecc-4872-b6ea-b7c8d822567f,p3nnyt,DBD3Q,[],2026-04-17 10:36:48.908459+00,,f
5ef02a97-4790-4812-bd68-d57e8a42f979,phillmer,GW5JW,[],2026-04-17 10:42:29.536092+00,,f
5b3325cf-6bda-4e1d-a3b6-b6b0dad0e6ed,mariaarpi,GW5JW,[],2026-04-17 10:56:14.669878+00,,f
0e550ab3-1808-4e7d-8f62-c51f9eabdc98,redbiro,DBD3Q,[],2026-04-17 22:05:15.710792+00,,f
6adeb9fc-8b41-471a-96ef-496cbfc19967,alexlg13,93V4L,[],2026-04-17 22:12:08.691131+00,,f
f771aee6-7fcb-4847-bb4f-a32d58aad520,defoscam,GW5JW,[],2026-04-17 22:13:51.106573+00,,f
e52c38c7-ee73-46ea-93c9-5eabd46f22d5,beastuemc,GW5JW,[],2026-04-17 22:28:50.6386+00,,f
f6871aa3-e67f-4074-b96a-461de7898824,ch37tg,GW5JW,[],2026-04-17 22:55:47.705208+00,,f
e1265e8c-a5da-420f-9924-265d8bd0aa4c,rixtz1,93V4L,[],2026-04-17 22:58:05.523645+00,hnf08dna9l,f
1fef8eec-02e1-49fe-bff3-e2ec8ac00e27,benji1205,93V4L,[],2026-04-17 23:50:16.056046+00,hnf08dna9l,f
cc3ef2ed-e404-4b0d-bbe5-afc2addac720,rhydanik,93V4L,[],2026-04-16 22:42:23.205371+00,hnf08dna9l,f
852e2b98-6c80-4143-ab91-900f88be953d,juggaknot666,93V4L,[],2026-04-16 22:16:20.136324+00,fq7fdk0vj4,f
beca4834-4270-4167-a754-bd1590017c0e,ohotoba,93V4L,[],2026-04-18 00:11:08.937945+00,hnf08dna9l,f
2af43780-096b-4ec7-ac5c-8300f2eca96a,magxvv,93V4L,[],2026-04-17 06:00:37.179561+00,hnf08dna9l,f
200efa9e-55ad-4abe-b242-8b12c673f03f,consul32,93V4L,[],2026-04-16 08:57:33.561541+00,hnf08dna9l,f
f097b397-a262-4068-94a4-e3f0c9b98c91,idxb,93V4L,[],2026-04-16 12:49:22.222389+00,hnf08dna9l,f
f8c10563-0e1e-4f5b-9cb1-2e24401dc28f,craigandnikki,93V4L,[],2026-04-16 21:51:12.491908+00,hnf08dna9l,f
2332b505-366b-4d4e-834c-03af4400afa7,abs,93V4L,[],2026-04-16 03:03:52.469444+00,hnf08dna9l,f
3fd7f12d-ad4d-4b86-9866-73ced7eaf255,littledragon25,93V4L,[],2026-04-17 20:48:17.2352+00,hnf08dna9l,f
646f2f4d-f0f0-4d82-b915-841a9473ea3f,peptidebizmo,93V4L,[],2026-04-25 09:21:56.995524+00,hnf08dna9l,f
af2b6f3f-5465-449a-a818-602f767af23e,ohotoba,GW5JW,[],2026-04-18 01:00:59.018455+00,,f
703d5259-616a-4451-b8c2-78dbd0e4ea20,insidethelaw,93V4L,[],2026-04-25 20:02:21.809727+00,t6bo84w730,f
632ab559-6776-45a9-9ff3-f87cf793431e,b_johannessen,93V4L,[],2026-04-18 10:17:12.449709+00,vzt8jozfnn,f
2dbb53d1-a1cf-4d70-bb27-9024bcca1826,justrandom66,93V4L,[],2026-04-18 03:49:08.574617+00,jhby1yyx0g,f
46d634f7-2347-4ae1-bf0e-a4c8d45bd46e,lusty3982,93V4L,[],2026-04-18 06:18:44.06351+00,,f
f4bf58d6-b3d0-45dc-ad84-0392897d560c,groggette,93V4L,[],2026-04-18 06:49:40.348642+00,,f
fd22885f-537e-4fad-a602-6262b741ba1d,oktimeforplanz,93V4L,[],2026-04-25 14:08:04.924993+00,hnf08dna9l,f
e067f510-1987-4bb3-bb98-1d2e726668a1,mrmontyburnz,GW5JW,[],2026-04-16 21:35:04.326955+00,,f
ff8e42b2-8e98-4d86-933a-7c51c1be055b,mrmontyburnz,93V4L,[],2026-04-18 15:35:28.588353+00,qm1c0dvw80,f
33052ab0-89e0-4d55-9d5a-477a03311db1,ellie2603,93V4L,[],2026-04-26 01:53:52.212967+00,qm1c0dvw80,f
0a1cdfca-a363-4b4d-a498-9361856400c2,clandestinepassenger,93V4L,[],2026-04-18 08:13:11.943846+00,,f
0721c9be-24ca-4056-b351-c858af086c6d,timofeeeeeeeee,GW5JW,[],2026-04-18 08:52:19.849631+00,,f
c9978152-9086-42d1-9bb8-74bce68f493a,silverblaze83,93V4L,[],2026-04-18 13:07:32.521215+00,revgaqr4fw,f
525fd489-221f-42f9-b7af-04cdc334db2a,rb5wraport,93V4L,[],2026-04-18 09:12:44.490745+00,,f
233a7916-28e2-4b78-924d-3d19b4c28864,jay0485,93V4L,[],2026-04-18 20:07:46.757545+00,qm1c0dvw80,f
618a539d-d944-4bfe-b35a-706c0490737b,curlyc2002,GW5JW,[],2026-04-18 09:24:49.929958+00,,f
75a75e22-3909-483b-b2e2-d2169f5bc89f,billlehhhhhhjok,93V4L,[],2026-04-18 09:28:25.708373+00,,f
8534efd2-bd24-4535-9fa0-95601be5ea93,beargreene,93V4L,[],2026-04-18 09:30:20.906864+00,,f
ca925bf1-974b-4593-b429-cdb4022cbecb,purpleguava3127,DBD3Q,[],2026-04-18 09:42:45.978705+00,,f
7e327092-a8d0-448c-9b2e-06cc2ed430c5,ljlek,GW5JW,[],2026-04-18 09:45:16.171119+00,,f
ea431f63-7111-415e-8270-04b4bb94c60b,mrthunderhawke,GW5JW,[],2026-04-18 09:59:35.339661+00,,f
e1fbdc86-2ddb-403e-bf61-a8b9feaa930d,b_johannessen,DBD3Q,[],2026-04-18 10:16:36.969086+00,,f
30b14877-1c25-4b57-9fd3-6dd907405c32,lurchiderlurch,93V4L,[],2026-04-18 17:12:59.498847+00,qm1c0dvw80,f
44426fbb-a97d-4e08-ac78-634aab148a05,mackna_b,93V4L,[],2026-04-18 10:42:11.710403+00,,f
f4423c4a-4277-4d3d-8ac6-6e01f2b28da4,poochielagrande,DBD3Q,[],2026-04-18 10:49:01.901552+00,,f
4185a79a-b52e-414b-9e81-86adc8ce204a,donpatch0,93V4L,[],2026-04-18 12:53:21.688947+00,tb0cmwrbuw,f
e708ebc9-5ad1-459c-b345-e815017e4864,poochielagrande,93V4L,[],2026-04-18 01:56:05.78171+00,jhby1yyx0g,f
4933325f-5dd3-4e6f-998f-02e57bc38cc6,cgall,93V4L,[],2026-04-18 12:25:42.818777+00,hnf08dna9l,f
22b13dae-edbe-430a-8e88-f74c09739f9e,bostinloyd,93V4L,[],2026-04-18 16:15:17.600657+00,vzt8jozfnn,f
f567f3e6-1a2d-4039-8ede-8bb8b5f12b2e,jakem9d,93V4L,[],2026-04-18 10:58:57.764625+00,hnf08dna9l,f
f08a8a61-d465-4e1e-9ee4-38a44b0ff4c4,bigkameha,93V4L,[],2026-04-18 11:18:40.168361+00,,f
a4c7bb2a-1789-41a5-a5a2-20dd571a1620,slimmyt247,GW5JW,[],2026-04-18 11:29:11.28693+00,,f
235e4462-6dd4-4c8b-badb-dfe63926eb76,adrianb8989,93V4L,[],2026-04-18 11:33:03.10867+00,,f
9fbf1c23-cdec-4ad6-ac8e-f37464f9af66,oerange91,93V4L,[],2026-04-18 20:59:07.878321+00,qm1c0dvw80,f
34d393ec-08a6-4746-9af1-026de4bce974,jedibarnett,93V4L,[],2026-04-18 11:42:25.111878+00,,f
7db62f8c-69a1-4e06-922b-2c84793e44ee,benschischi,93V4L,[],2026-04-18 12:16:54.5649+00,,f
bbd22cf6-8ade-485a-8664-3587d9eab333,cbuk1991,93V4L,[],2026-04-18 12:19:22.233842+00,,f
f77faec2-0149-4bf2-b162-566c20c507ca,jacksonjackser,93V4L,[],2026-04-18 13:03:07.21974+00,,f
aaa276fc-345a-4ca1-a948-e926d9cd15f3,silverblaze83,DBD3Q,[],2026-04-18 13:14:41.852171+00,,f
461b557e-1073-435c-8f2d-500a42df996b,cognito,93V4L,[],2026-04-18 13:28:59.504138+00,,f
3185457e-1e31-4b01-bdb6-b32a35dee719,biokimix,GW5JW,[],2026-04-18 13:36:46.317879+00,,f
2431c4f1-73af-4b5e-b534-59e454579c39,abs,DBD3Q,[],2026-04-18 13:40:59.553258+00,,f
20113d51-2635-4324-bcd2-95a7d56c7604,ghost.exe,93V4L,[],2026-04-18 14:21:03.712541+00,,f
7386b51a-84e5-4c5f-ab3c-8d21f05fb094,clandestinepassenger,DBD3Q,[],2026-04-18 15:22:23.091158+00,,f
0bd55551-90f9-4238-bfd7-0ede15c9f04f,scathaxx,93V4L,[],2026-04-18 16:45:29.071822+00,,f
a5b6ba1d-c1d1-4df8-9f81-5b0a6b48a569,cxest,93V4L,[],2026-04-18 16:53:44.291807+00,,f
f4818282-d6eb-4c8a-a62f-97d98615aa97,yeahbuddy,93V4L,[],2026-04-18 18:36:42.691728+00,,f
4dcd5279-6ff8-4d09-830c-23061ac2bed7,pompatak,93V4L,[],2026-04-18 19:12:08.277624+00,,f
91cd6ed8-489d-44b3-95b1-965bc0c77e94,aeonflx,93V4L,[],2026-04-18 19:26:08.742325+00,,f
6b855697-b129-47bd-a4e4-36c11b2f5bd0,aeonflx,DBD3Q,[],2026-04-18 19:28:09.645678+00,,f
48c060f8-9060-4bf8-aaf4-2349469ce9cb,justrandom66,DBD3Q,[],2026-04-18 20:31:11.942918+00,,f
855d4211-ac60-41d4-87b7-739243249eb5,antfrenchy,DBD3Q,[],2026-04-18 20:37:01.898812+00,,f
72b10917-3d55-4138-806d-d668ba153c9e,antfrenchy,GW5JW,[],2026-04-18 20:37:31.036851+00,,f
66189d45-7265-4eed-8635-b4e62cf668b2,oerange91,DBD3Q,[],2026-04-18 21:06:39.043923+00,,f
c3a94fa0-4fb0-4004-bead-49e72b6e0d6c,pizzalieferant14,93V4L,[],2026-04-18 21:17:15.866376+00,,f
c9e30b45-a3cb-4317-8643-6a88416042ef,salsalbob,93V4L,[],2026-04-18 13:18:52.690014+00,cb1voz7ul4,f
2c5dc93b-bf15-4967-b411-626cdb4163a2,figuerro,93V4L,[],2026-04-18 16:43:29.02117+00,cb1voz7ul4,f
dcbc05b7-6618-40c7-b06c-2c4bee980cf2,riapepts,93V4L,[],2026-04-18 08:47:05.257111+00,cb1voz7ul4,f
4cf7bf6d-7d4d-4d24-a056-e388a3811af5,dmarq6,93V4L,[],2026-04-18 15:52:47.3097+00,qm1c0dvw80,f
ce22ab25-91b0-44c8-8f52-dec1399d9a4e,aspernight,93V4L,[],2026-04-18 14:31:33.558801+00,cb1voz7ul4,f
91cef2d0-e516-4ca3-abcc-a3fffd776cba,m8baros,93V4L,[],2026-04-18 16:23:43.618186+00,qm1c0dvw80,f
20a78995-c05f-46cb-8f99-e5760014221e,reidyontour,93V4L,[],2026-04-18 05:21:07.216449+00,hnf08dna9l,f
23cc3678-094d-450a-aea9-6ec8e5cefb33,bjtheway85,93V4L,[],2026-04-18 05:48:22.337321+00,hnf08dna9l,f
ea4e27b3-4d9c-4eb8-82da-8a2ea3f76806,thebigsweed,93V4L,[],2026-04-18 20:22:49.110473+00,hnf08dna9l,f
c82c1fa1-2790-4076-a5de-597aef89ce4e,lovekitten88a,93V4L,[],2026-04-18 16:18:12.860918+00,hnf08dna9l,f
48a52131-ba5a-4c56-8f0b-0ed1271a2798,frankenstein_101,93V4L,[],2026-04-18 10:20:24.251878+00,hnf08dna9l,f
8c52c297-3e92-403e-8eb7-a2b6d774b7d3,agathared8888,93V4L,[],2026-04-18 13:43:45.893594+00,cb1voz7ul4,f
79cc6ce7-75b0-4259-9ac3-795e6d15a2ca,purpleguava3127,93V4L,[],2026-04-18 09:37:34.827115+00,wyswptdnix,f
7655cea5-4c02-4eeb-b78d-654f4a187330,sohei,93V4L,[],2026-04-18 17:02:42.26876+00,qm1c0dvw80,f
150fa7bb-48da-4b0a-a896-72c66570fd8d,moosetard,93V4L,[],2026-04-18 05:42:04.951833+00,cg6107kgbx,f
61f8b33c-cb0b-4bdd-87d9-cb7b58954349,riazjones,93V4L,[],2026-04-18 21:37:29.46381+00,,f
cdb919b5-8486-4bf1-ac87-e7b137d209f6,apeps01,DBD3Q,[],2026-04-25 10:11:54.119487+00,,f
46da2c52-6421-47f7-8264-8c72a67a35eb,sukidhanju,GW5JW,[],2026-04-18 21:52:25.765613+00,,f
effeb608-57cb-4320-bbb5-eb92195691b9,caveguard,93V4L,[],2026-04-19 08:41:35.257433+00,vzt8jozfnn,f
c3d4baed-242c-46e6-8261-1ef359c8efa1,adev81,GW5JW,[],2026-04-18 21:58:01.647902+00,,f
081d22f7-9c57-4960-9434-10b87514f22b,lupos256,93V4L,[],2026-04-18 21:46:29.9441+00,qm1c0dvw80,f
099404ef-4dfc-4461-9fd1-8895d00999bc,superted87,93V4L,[],2026-04-19 08:13:59.557654+00,hnf08dna9l,f
656ad5d7-e367-49e8-b23b-3e07d8a665af,superted87,GW5JW,[],2026-04-22 17:06:02.385051+00,,f
701b154b-977b-47d3-91a7-ab75552540a5,alexlg13,GW5JW,[],2026-04-18 22:46:11.388131+00,,f
d044483b-05ac-45a4-a048-7aac9e0c3e15,rixtz1,GW5JW,[],2026-04-18 23:24:44.831609+00,,f
529b0e82-ab85-4f5b-a70c-be7f85998964,niallerr,93V4L,[],2026-04-19 01:13:47.486851+00,,f
a6635963-3a07-4ea0-9845-862a6ba231fc,swolverine76,GW5JW,[],2026-04-19 07:49:03.319608+00,,f
84587892-0551-4117-a2ad-0adab66d3752,cwissuk,DBD3Q,[],2026-04-19 09:45:25.355823+00,,f
3a18789f-a91f-4e22-a4d2-6a623acc606b,lusty3982,DBD3Q,[],2026-04-19 10:59:35.653979+00,,f
baf7b374-1646-4b24-9547-3b49d1b5315b,cartmanxxx,GW5JW,[],2026-04-19 12:47:51.407642+00,,f
9db41070-ad8a-4dfc-bb37-1ff94eb065cc,rixtz1,DBD3Q,[],2026-04-19 13:28:07.866693+00,,f
b4ee979a-f49a-47a7-b810-7f09c60aff3d,vibecheck,GW5JW,[],2026-04-19 13:58:57.874556+00,,f
0190c86f-f77a-4bf6-bf36-6861b48aa711,david f,DBD3Q,[],2026-04-19 22:06:16.766207+00,,f
ffa0cc29-9506-46a8-b800-2563e12bcf6a,david f,GW5JW,[],2026-04-19 22:16:16.752123+00,,f
ad1465a4-018d-4838-a234-4fde4aeb5bdb,behindthehandlebar,DBD3Q,[],2026-04-20 04:41:18.566886+00,,f
9c56e247-501a-4f20-89c9-949d66c1c420,cartmanxxx,DBD3Q,[],2026-04-20 04:42:03.971927+00,,f
27f28d79-df8a-4f66-9921-7d915059f426,dmacd9,DBD3Q,[],2026-04-20 17:09:23.075216+00,,f
8de56d45-f0d7-4af0-a597-9379e3fc8f6d,dmacd9,GW5JW,[],2026-04-20 18:25:53.351945+00,,f
ef01c485-6cc5-4651-85d5-819708425fff,jonaskamoto,DBD3Q,[],2026-04-20 23:58:59.967955+00,,f
64576b8b-3dc5-49f1-aeac-27afcd248b7e,fuckitweboof666,DBD3Q,[],2026-04-21 03:28:07.672579+00,,f
cf876f99-0757-4691-bc78-89e8e5892fe7,kurdishunclo,DBD3Q,[],2026-04-21 03:54:09.827911+00,,f
a4db7f58-146b-44cf-9788-a4136cd985e1,entangledpep,DBD3Q,[],2026-04-21 07:40:01.018133+00,,f
05cb21d1-80aa-452d-9541-f41a157b6100,carpediem831,GW5JW,[],2026-04-21 08:02:20.417358+00,,f
8b798347-8655-485b-bc4a-9e9255af6713,finguk,DBD3Q,[],2026-04-21 08:09:59.901569+00,,f
1bc844dd-6b06-47d0-a534-a1cd3609e71d,brudabrudda,DBD3Q,[],2026-04-21 08:11:15.645032+00,,f
c4a2cfcc-9718-477b-9f99-47e6d6268a36,evertriedeverfailed,GW5JW,[],2026-04-21 10:41:38.937121+00,,f
044e3bf6-6113-407c-b617-e06fa3598625,msp_14_msp,DBD3Q,[],2026-04-21 10:49:18.096427+00,,f
0bb4e6c7-db87-4fa3-a1cc-184b06009276,miken,GW5JW,[],2026-04-21 12:25:09.697106+00,,f
d93ab0b2-2ceb-4945-afbb-792c21718ba5,raychar1es,GW5JW,[],2026-04-21 13:16:19.591231+00,,f
fe41f3fa-6146-476f-baab-6b1df4018b01,watteork,GW5JW,[],2026-04-21 13:24:35.644006+00,,f
73258cc7-b93b-4348-8606-d385714b2107,beargreene,GW5JW,[],2026-04-21 13:48:57.964508+00,,f
46af6e28-c44a-4634-9954-a37939fcb1ca,curlyc2002,DBD3Q,[],2026-04-21 13:50:49.972081+00,,f
ae15f420-1977-4e7f-ade4-8caeddae4499,burgertrain,DBD3Q,[],2026-04-21 16:00:01.756757+00,,f
e6da0d77-432f-41aa-a514-13e9faafd590,lilac_heaven3,GW5JW,[],2026-04-21 17:46:54.851033+00,,f
68606b20-5301-4c7e-a3be-f2861c8560e3,mcgadav,GW5JW,[],2026-04-21 19:27:02.159676+00,,f
56496d61-5c29-49fb-88e3-232c7331f4eb,jcwizzz99,GW5JW,[],2026-04-21 19:37:01.56191+00,,f
d5f4282a-ff2d-4d67-a3fc-c5ce2b496330,theurgist,GW5JW,[],2026-04-21 20:13:22.419753+00,,f
3b965a35-e9b5-4799-ac43-791b6f12ff30,tj2000751,GW5JW,[],2026-04-21 20:26:48.490971+00,,f
18293c36-0383-4e54-b4ef-e1457a97bd41,ricinuscommunis,GW5JW,[],2026-04-21 20:52:16.747595+00,,f
519b8ebe-3424-467b-a2ed-497e14280060,discost1ck,GW5JW,[],2026-04-21 21:41:33.951788+00,,f
a8d1e3a7-e26b-43aa-9825-9ec5604efd21,leftyisright,DBD3Q,[],2026-04-21 22:08:22.315501+00,,f
e1ee060c-5cbf-4329-a84f-4074a52b17fd,aprilblackcat,DBD3Q,[],2026-04-22 07:02:42.043165+00,,f
c2a13f6a-74a0-4082-a3e5-05cbee0b18bc,marwhy15,GW5JW,[],2026-04-22 09:19:09.423993+00,,f
0861079e-8354-42a3-a359-8413b3013fc3,fizzybubblech1,DBD3Q,[],2026-04-22 16:04:27.375841+00,,f
9628873a-6756-4b24-a848-5a1339e61f94,ndwev,GW5JW,[],2026-04-22 18:00:31.130355+00,,f
6ecf6498-0226-470a-9db6-dc91bc381074,hannibal2424,GW5JW,[],2026-04-22 21:33:02.288096+00,,f
5b7bdabc-a322-4175-900d-1df1e7f2ffb7,leftyisright,GW5JW,[],2026-04-22 22:21:41.802237+00,,f
4346dee2-393f-4e64-939e-16d6e50c11c7,deepshredz,GW5JW,[],2026-04-23 00:24:50.386872+00,,f
b5581c97-c882-4df1-b30a-18f7b1fdfc6c,tobenek,DBD3Q,[],2026-04-23 07:46:46.886531+00,,f
dd6f05e6-12a8-4d75-b3e5-e523e97ac832,np,GW5JW,[],2026-04-23 08:36:29.817017+00,,f
8240fa70-6f6b-476c-9370-a0a4dd83a382,sohei,DBD3Q,[],2026-04-23 09:35:06.525487+00,,f
ed92ae0c-b7fc-4262-8ac6-7e0c46ced0a8,equisdu,GW5JW,[],2026-04-23 15:59:35.822727+00,,f
8f9c8c78-e062-4c92-a222-4bfd11f4f028,johnt2026,GW5JW,[],2026-04-23 21:17:28.790769+00,,f
3e33b744-53a1-4502-b0b5-846638b81060,zippy1313,GW5JW,[],2026-04-24 07:33:23.718819+00,,f
7612fc05-7d6c-4091-9326-b65002f2f599,todomir,93V4L,[],2026-04-24 13:10:04.928368+00,cb1voz7ul4,f
6cf61696-1a20-43b6-9502-79a4ad6d06c2,curlyc2002,93V4L,[],2026-04-24 13:16:26.645917+00,jhby1yyx0g,f
24931538-c828-49a7-9994-3de5a8de38d8,ianblaz,DBD3Q,[],2026-04-24 13:19:01.510131+00,,f
62c92aa9-7bbf-4867-9b23-088b4ff4883f,msp_14_msp,93V4L,[],2026-04-24 13:22:45.543775+00,jhby1yyx0g,f
ab7a7384-f9ec-40fe-916c-34ad9768f74c,saulper,93V4L,[],2026-04-24 13:24:26.365566+00,cb1voz7ul4,f
a89da0cb-aa9f-4369-b3b4-d5acc826cff9,shaolin_bro,93V4L,[],2026-04-24 13:28:53.802957+00,oqmg9iyfh5,f
fd6c8af5-9dda-47a4-8bcb-aae7c066b2f3,chff_pep,GW5JW,[],2026-04-24 13:44:57.311848+00,,f
6b1bdc75-ce9d-422f-803e-9e1ed0db16af,sicoted,93V4L,[],2026-04-24 13:46:31.672932+00,hnf08dna9l,f
4ad196ee-f979-4cce-98ef-5cde2c89ab24,prem_peps,93V4L,[],2026-04-24 13:47:31.167422+00,hnf08dna9l,f
50b81e8f-2d23-4dc3-b708-8b75edb9f035,lewis571,93V4L,[],2026-04-24 14:13:26.931985+00,hnf08dna9l,f
17567da5-5c97-4e5b-8cb5-238cf36f2f2d,rcoutada@proton.me,93V4L,[],2026-04-18 22:01:44.806592+00,t6bo84w730,f
7169cc15-d882-4828-a9ab-71e3eb1f5100,bigq8888,93V4L,[],2026-04-18 22:15:14.058566+00,qm1c0dvw80,f
ae3264dc-3b59-4928-b6c3-cdbd706b62d8,raychar1es,93V4L,[],2026-04-24 14:23:01.4639+00,jhby1yyx0g,f
491ab1d5-1776-452f-ac82-8e74c0d99b3f,retarequired,93V4L,[],2026-04-24 14:44:16.127589+00,jhby1yyx0g,f
0ce175d6-27fd-43a3-880e-a6c2447435c6,ikaramanis,93V4L,[],2026-04-24 14:50:50.669693+00,oqmg9iyfh5,f
9af5b1fd-94f3-4f39-b0ba-c31d2eaf116a,theofficiald,93V4L,[],2026-04-24 15:01:15.941043+00,qm1c0dvw80,f
ebfa0fa5-8d17-405c-b647-0bae305d2698,brumbaclart,GW5JW,[],2026-04-26 15:29:11.750687+00,,f
be1c6e21-8940-4aec-9cdc-ba517454dbfb,timofeeeeeeeee,93V4L,[],2026-04-24 15:32:35.582693+00,hnf08dna9l,f
e242e40b-a8b6-46d6-9758-e9fd2251c084,aprilblackcat,93V4L,[],2026-04-24 15:39:04.621729+00,cb1voz7ul4,f
da984e88-d02e-41fa-955f-b2be33ecc65f,mkp_uk,93V4L,[],2026-04-24 15:39:28.444806+00,hnf08dna9l,f
7ba38913-1862-4547-a6f5-e9d70673df37,kevin,93V4L,[],2026-04-24 15:54:06.908087+00,jgkgfdh2ig,f
b355cfb4-11ba-4057-a300-9a9c8a3c503e,ben savage,93V4L,[],2026-04-14 08:59:33.363707+00,hnf08dna9l,f
3dfe17b7-780a-40ae-b3f4-5303e01a80c6,sleepingpep,93V4L,[],2026-04-24 16:15:48.956547+00,hnf08dna9l,f
2aed1995-b705-4334-8865-12a1fa52fc21,xxsoca,93V4L,[],2026-04-24 16:21:18.908234+00,qm1c0dvw80,f
dc1b210b-6ac5-4643-8c00-31b11370f858,jeanpagne1981,93V4L,[],2026-04-25 14:55:56.619926+00,jhby1yyx0g,f
df1f8458-70c8-4d69-a185-be0caa1f7dcb,mcgadav,93V4L,[],2026-04-24 19:13:51.746466+00,hnf08dna9l,f
7ab1efc2-c645-420a-9ee4-967a1650ed9d,titi7454,93V4L,[],2026-04-24 16:14:26.214526+00,cb1voz7ul4,f
85983bbf-bd56-49a7-b594-d8124676af21,fizzybubblech1,93V4L,[],2026-04-24 21:02:32.030344+00,llxo41bhgt,f
91791748-ed58-4dce-8503-2b7e5c9c3f0c,heych91,93V4L,[],2026-04-24 22:40:34.689392+00,hnf08dna9l,f
074884e9-0b68-43bf-ae27-30a3cb5bdbb4,kaisser1986,93V4L,[],2026-04-24 22:45:40.785621+00,cb1voz7ul4,f
c7f8594a-a18b-4cc6-a287-b0eee7bbcb89,blunderboy6,93V4L,[],2026-04-24 22:53:22.996641+00,hnf08dna9l,f
cf7f6fe9-7aff-4178-84e7-8952c8eb25ed,marlboroeducation,GW5JW,[],2026-04-24 22:55:39.958857+00,,f
3cd5c335-a6e5-4ba6-916c-d3d653f783fe,1poundfish,93V4L,[],2026-04-14 16:51:51.779118+00,hnf08dna9l,f
8dad9af7-1146-4d8c-9f8c-086e8fb41ffa,mand233,93V4L,[],2026-04-13 23:54:55.059589+00,hnf08dna9l,f
0c11555b-a6aa-45d7-9139-6be5b5043714,untamedchazy,93V4L,[],2026-04-14 04:52:02.283534+00,hnf08dna9l,f
f774ab40-44b8-4b7f-b4bc-acd539f4b5a4,dorisdingbat,93V4L,[],2026-04-15 20:16:14.850468+00,hnf08dna9l,f
3b4143af-070e-4647-b43d-4738edf1282a,mirculina,93V4L,[],2026-04-14 21:51:22.389477+00,hnf08dna9l,f
8a167df9-b5ed-4fb8-a113-cc30e831eaad,wanderallofthefall,93V4L,[],2026-04-17 05:33:25.707562+00,hnf08dna9l,f
62bc48c9-1f2f-45e1-9237-ea6616b88be2,pepfreak,DBD3Q,[],2026-04-25 04:20:13.976931+00,,f
2cb85e0f-89df-4142-ab46-76cc9aa3c5b0,carstennielsen12,DBD3Q,[],2026-04-25 05:55:52.347354+00,,f
0c467327-af53-4879-81c9-d32ba3180205,carstennielsen12,93V4L,[],2026-04-25 05:56:43.554617+00,qm1c0dvw80,f
b90525e1-6610-45bd-bc99-9711c7468a3b,theofficiald,GW5JW,[],2026-04-25 06:25:03.892179+00,,f
2e0935da-910c-44ee-8c99-432fcc9abd79,saltybayb,93V4L,[],2026-04-25 07:17:41.031341+00,hnf08dna9l,f
f6dd8af3-3446-4278-8887-b2673560b89a,stvn1987,93V4L,[],2026-04-16 00:40:48.643391+00,hnf08dna9l,f
141546ce-2602-43f9-9d2d-0627bc8d4223,sisfunmiabz,93V4L,[],2026-04-14 16:03:18.048107+00,hnf08dna9l,f
f0a2899f-24f4-4f1f-9058-744616360d80,maximo_de_cela,93V4L,[],2026-04-25 16:55:38.709947+00,cb1voz7ul4,f
249d97fe-b47f-4661-b645-e173d7a9a180,np,93V4L,[],2026-04-25 19:59:11.527593+00,qm1c0dvw80,f
99c019ac-cbb5-45c3-84ac-724891d6ba9a,insidethelaw,DBD3Q,[],2026-04-25 20:04:52.357826+00,,f
2c88d7ad-9cb9-48c1-8dd1-281e6e8259f6,jakeh1992,GW5JW,[],2026-04-25 21:02:15.228308+00,,f
05b4b826-1039-484c-a9f8-835d209e9f5c,ow1818,93V4L,[],2026-04-15 13:33:03.322656+00,hnf08dna9l,f
8da421c7-97df-498d-9478-7999198ad22b,ajer6130,93V4L,[],2026-04-25 22:50:07.220206+00,hnf08dna9l,f
6540b844-3f40-4b72-84af-39a7f6bbc4e9,omercel,GW5JW,[],2026-04-26 00:25:14.480002+00,,f
66d563c8-1684-4918-b224-848a0a3c7ae7,nazsla,93V4L,[],2026-04-26 05:54:12.173487+00,jhby1yyx0g,f
fe62c3c1-669f-4e2c-b5b1-88c5328d4826,usernamesandra2,93V4L,[],2026-04-26 07:01:53.546602+00,revgaqr4fw,f
35f65caf-2816-4c60-b85a-383c52c93a95,warlord19902026,93V4L,[],2026-04-14 05:59:55.600951+00,hnf08dna9l,f
272a7b68-792d-4db9-b2a9-4718f248f7cd,velcr,93V4L,[],2026-04-14 19:18:23.263075+00,hnf08dna9l,f
0771b7f2-d576-4662-8f55-9eec4cbd78fe,iantolerton,93V4L,[],2026-04-26 08:40:36.144382+00,hnf08dna9l,f
24026e77-4657-475b-ad8d-2f1c71e10ec3,pepboy43,DBD3Q,[],2026-04-26 13:18:17.093275+00,,f
28799fb0-e06f-437b-9bd4-07c6f025ca2d,iantolerton,GW5JW,[],2026-04-26 13:45:36.942327+00,,f
e1bbaa29-6f44-43b0-88dd-7d724f4ee606,yentefx,93V4L,[],2026-04-26 13:52:17.713879+00,llxo41bhgt,f
941be536-2a50-4df8-9a5d-3d1c683cd530,peplady,93V4L,[],2026-04-26 14:01:33.362491+00,tb0cmwrbuw,f
8b4b7af1-523e-4888-9309-722ec8970a14,watteork,93V4L,[],2026-04-18 11:37:32.012742+00,qm1c0dvw80,f
fabf234d-93d6-41ec-a01c-c2bab4293bdf,vasendak,93V4L,[],2026-04-29 10:41:51.800623+00,hnf08dna9l,f
811a5eb4-6ed5-4dcf-b36d-4c96918f169f,queasyinvestment,93V4L,[],2026-04-29 11:28:23.43143+00,hnf08dna9l,f
2ea19604-750d-416d-bfe5-af7da0bc57ba,treebutcher,GW5JW,[],2026-04-29 12:35:12.183701+00,,f
6bf059f4-25fc-422f-93f4-01f016b42d8b,nugget07,93V4L,[],2026-04-29 13:18:50.655433+00,ha26xp3dlc,f
5585e2dc-4c43-4b02-bb8c-4f1f73f9e1b7,lilac_heaven3,93V4L,[],2026-04-26 22:54:25.775891+00,tb0cmwrbuw,f
8322d89e-3f56-4b3e-bb69-a41f2a25ab85,ncron,93V4L,[],2026-04-29 14:24:38.753552+00,hnf08dna9l,f
784bb772-b795-4543-9f3b-bcc2f2514f47,reinderme,93V4L,[],2026-04-29 16:03:48.85295+00,jhby1yyx0g,f
a5679a93-8912-42db-aa64-7069fec7b73c,toonerville,93V4L,[],2026-04-29 16:12:11.602771+00,jhby1yyx0g,f
5aafdba6-8770-420f-b2f2-4b2361be234c,thehappycookie,93V4L,[],2026-04-26 22:12:56.589499+00,t6bo84w730,f
3f0e125d-4192-464f-986c-374a83409b50,thorbard,93V4L,[],2026-04-27 07:54:29.115122+00,tb0cmwrbuw,f
49f87238-9067-4d5f-8c1f-b5a1cd4f7d2b,mnky49,93V4L,[],2026-04-27 08:51:24.186562+00,hnf08dna9l,f
f9c3bfcf-e655-4223-8c14-30f0a4c61007,meltedcalipo,93V4L,[],2026-04-26 21:47:33.466703+00,hnf08dna9l,f
af811800-ca3f-4f27-b663-4d7733b61fc4,leftyisright,93V4L,[],2026-04-27 08:59:40.328265+00,nc1aiqteqs,f
0969fd63-9992-460b-9c49-49fa332b02b6,sophieithink,93V4L,[],2026-04-26 19:36:01.744814+00,hnf08dna9l,f
37c3199f-ff33-478f-8c16-2e4f363bfdd7,admintest,93V4L,[],2026-04-27 09:04:11.593525+00,hnf08dna9l,f
34cab87a-fe59-4ab0-90c0-d12e875adacf,dazzlaj,93V4L,[],2026-04-27 09:05:12.268167+00,hnf08dna9l,f
1243632c-98f1-4b13-beca-9a01f7637f4b,jeanbaptistepassant,93V4L,[],2026-04-26 21:03:54.338173+00,tb0cmwrbuw,f
c525a1fd-4df4-459f-8a55-abb568d78b1f,siliconspectre,93V4L,[],2026-04-27 12:22:35.744364+00,jhby1yyx0g,f
01eff7de-290b-4db5-85c7-4d67b2194ab2,snptest,93V4L,[],2026-04-27 12:52:06.988684+00,hnf08dna9l,f
a907457d-f4d8-4596-8a30-a2e772ff64c5,zelo_l,93V4L,[],2026-04-27 13:49:50.503039+00,hnf08dna9l,f
8d63a589-c029-43a5-9762-c9d2753b9ee6,sumailord2099,93V4L,[],2026-04-27 16:43:39.247992+00,jgkgfdh2ig,f
ead56972-6cc1-40ee-bfcc-6c1d33e016a0,danwill108,GW5JW,[],2026-04-27 16:53:36.153434+00,,f
b649fc6a-167c-4406-ac08-af0a9189d017,fazi28,93V4L,[],2026-04-27 17:47:10.992885+00,wyswptdnix,f
ba872a6a-6a2e-4284-acea-2efa41350748,shezlind,93V4L,[],2026-04-27 18:21:41.971527+00,hnf08dna9l,f
418aa853-9ef5-4803-b828-ae94be73edc5,wrighty_01,93V4L,[],2026-04-27 19:44:06.682217+00,hnf08dna9l,f
1b652322-350c-4776-9078-3a593d112d71,vev9090,93V4L,[],2026-04-27 20:07:10.306076+00,qm1c0dvw80,f
e6c300e8-ac95-4502-9f63-f9fe5d26eb20,basilbrush1,GW5JW,[],2026-04-27 20:18:42.600494+00,,f
127d98c6-e853-4722-93aa-975f48b966e8,home_at_cleeveton,GW5JW,[],2026-04-28 06:18:15.722244+00,,f
58d240a6-1cf6-4840-b38d-ab8ed45e6588,psychomantisxo,93V4L,[],2026-04-28 09:12:25.801069+00,hnf08dna9l,f
29043b3a-ea5b-4799-8e54-96c9484b33bf,tomte12,93V4L,[],2026-04-27 06:20:58.213303+00,qm1c0dvw80,f
2c2923c0-9d4d-4b50-bfe1-9052d78e37c0,thehappycookie,DBD3Q,[],2026-04-26 21:56:17.785904+00,,f
146cde00-442a-4434-b341-4e3123f8b973,charlie.paul.dauria@gmail.com,93V4L,[],2026-04-26 16:28:42.371933+00,hnf08dna9l,f
0d08b488-351c-4b0c-b172-af3b419150a0,nikola kostadinov,GW5JW,[],2026-04-28 12:20:01.727407+00,,f
2dd0188c-9a6c-40a1-ae44-c94d6da3e6f1,thorbard,DBD3Q,[],2026-04-27 05:32:10.196733+00,,f
73923ee4-6329-462a-88b1-b955da9c383f,catalystdave,DBD3Q,[],2026-04-28 17:02:48.238699+00,,f
3a68e42d-6bcf-4632-ba72-f2a26fe9cc77,johnnyjonessmith,DBD3Q,[],2026-04-28 17:57:01.624755+00,,f
5e75ea56-d919-4e1c-a0f8-6799d2d08ca4,psychomantisxo,GW5JW,[],2026-04-28 19:02:53.93324+00,,f
741fb735-f6a0-40a1-9533-38bfeaead369,behindthehandlebar,93V4L,[],2026-04-16 23:02:52.615475+00,hnf08dna9l,f
b1194466-3203-4f6e-bc74-5ab53b4c25e5,basilbrush1,93V4L,[],2026-04-17 16:50:54.417946+00,hnf08dna9l,f
4e5403c4-7bee-4ba6-a93b-4f294fd438b6,j4mes_r,93V4L,[],2026-04-14 06:15:35.697413+00,hnf08dna9l,f
b8e8d5c5-1913-42cd-ae81-b3f7f2140553,vev9091,93V4L,[],2026-04-29 17:56:17.074142+00,qm1c0dvw80,f
24abaebc-60c3-446d-a9b6-20c08e8a9c8d,polipoli,93V4L,[],2026-04-30 10:56:13.151937+00,fq7fdk0vj4,f
871e7300-c915-459c-92e2-0af83ac47d52,attcbf,93V4L,[],2026-04-30 11:26:07.650123+00,jgkgfdh2ig,f
f7259607-656a-4afe-a0d0-f5a62d7b32f8,brumbaclart,93V4L,[],2026-04-30 11:41:06.798139+00,hnf08dna9l,f
28444103-2048-49d2-a454-6cb6930d21e5,fwbotelho,93V4L,[],2026-04-30 12:00:42.298798+00,wyswptdnix,f
6a95dea4-7da8-4294-86df-61d09e9a6306,neverevenseenit,93V4L,[],2026-04-16 07:12:33.135621+00,hnf08dna9l,f
ff784fba-9d1a-4676-b41a-1100ddcd881c,al1154,DBD3Q,[],2026-04-29 04:32:18.02076+00,,f
5da3b42d-4b3b-4dcb-b4e4-682196633aa1,iamyourqueen,DBD3Q,[],2026-04-29 05:50:18.04057+00,,f
b010dc13-32b5-4b63-b6bb-cdb57901d355,momentousity,DBD3Q,[],2026-04-29 06:09:12.950219+00,,f
528e90bf-c3d6-44b1-959b-b63534b6295f,wesm001,GW5JW,[],2026-04-29 20:34:18.767571+00,,f
28bc1198-9a53-48ad-bbe5-2e66be9f1a06,austest,93V4L,[],2026-04-29 10:37:29.304718+00,ha26xp3dlc,f
715d0dd1-a3e2-4ce7-839e-5da3946095f2,chrissaar,GW5JW,[],2026-04-29 20:34:42.22773+00,,f
415ecfb7-1e0d-4da3-924a-bb49f9152e3e,jackw5827,93V4L,[],2026-04-29 10:40:45.069348+00,hnf08dna9l,f
95dcd653-07dd-4f35-8f27-c87001be93a9,wesm001,93V4L,[],2026-04-29 20:47:39.306474+00,hnf08dna9l,f
d37703a9-3488-47ef-9c30-1202acc86334,sandraaade,93V4L,[],2026-04-29 21:03:41.006771+00,revgaqr4fw,f
306ebc5a-9c43-4110-a868-41e31f6ebad4,biokimix,93V4L,[],2026-04-29 22:57:26.651762+00,hnf08dna9l,f
0c0720c3-4a84-4047-89ad-9c850aad57a7,danwill108,93V4L,[],2026-04-30 12:06:05.851739+00,hnf08dna9l,f
7f0cb519-97e9-4c6c-8a89-d0f18ec90e6b,equisdu,93V4L,[],2026-04-30 06:05:57.923441+00,hfyt2qnbtl,f
61a20a93-04c4-4a09-ab55-57b6406d4ea8,rubje82,93V4L,[],2026-04-30 06:48:07.939244+00,jhby1yyx0g,f
83a8c6b8-e646-457f-8f50-5f9eea73a817,caires4599,93V4L,[],2026-04-30 12:08:29.441583+00,hnf08dna9l,f
e69b5e71-bc9e-4a36-a752-57997a586f31,johnnyjonessmith,93V4L,[],2026-04-30 12:35:14.448277+00,hnf08dna9l,f
ccae0300-ad54-4377-b140-c92acbd50c98,ntxchick,93V4L,[],2026-05-03 14:17:06.943225+00,jgkgfdh2ig,f
9d78079b-c5cf-4a43-81c6-f4a85888ba7a,kenupfront,VZE6X,[],2026-05-03 14:40:19.12115+00,gibz8wz8l8,f
46bb3dcc-80ae-4046-8517-679aa5ef0123,https://t.me/slane147,93V4L,[],2026-05-03 14:59:31.036506+00,jhby1yyx0g,f
202762d1-4276-4547-9d39-e3c6ce471863,miki19844,93V4L,[],2026-05-03 15:22:30.108022+00,hnf08dna9l,f
df718239-a1ed-4863-81a9-51dd460d06e5,miki19844,VZE6X,[],2026-05-03 16:10:41.661862+00,gibz8wz8l8,f
eba1147a-92f4-4a50-8491-58f307d35d28,jayjo8,VZE6X,[],2026-05-03 16:58:30.398626+00,gibz8wz8l8,f
48b19d48-dcd3-4e7b-991e-a186f851f016,thehappycookie,VZE6X,[],2026-05-03 17:09:06.60357+00,x0uoseeb0x,f
5aab965d-d116-498f-8df9-659010ef90af,lachops,VZE6X,[],2026-05-03 17:10:21.841106+00,gibz8wz8l8,f
3a9e669f-27ca-4c0d-a737-079a2932767f,forxr7,93V4L,[],2026-05-03 17:58:50.014929+00,hnf08dna9l,f
b64c2acf-d709-4925-925b-7e1c0b2f3c77,msp_14_msp,VZE6X,[],2026-05-03 18:10:21.118567+00,g8xgmfzcix,f
d638f949-961f-4c9e-9aad-02b59fcc8480,notmuchrom,VZE6X,[],2026-05-03 18:10:54.7334+00,gibz8wz8l8,f
1539f066-4217-4954-a7c8-84b836a22fc6,johncenacme,VZE6X,[],2026-05-03 18:11:15.025781+00,gibz8wz8l8,f
43b0582b-34d7-4404-a011-d4ef4a16eb77,adrian_538,VZE6X,[],2026-05-03 18:11:51.313465+00,cqofjp756v,f
03dfec0f-b4b5-4e34-87fe-cd6eabf38927,adev81,VZE6X,[],2026-05-03 18:12:19.653471+00,gibz8wz8l8,f
f6abece0-5494-4bdd-a535-f27f9d1bd76e,ladyhjc,VZE6X,[],2026-05-03 18:13:12.656691+00,gibz8wz8l8,f
7497d28f-6278-4e9a-9f96-b890cfc47c99,grundlefly1,VZE6X,[],2026-05-03 18:14:58.183717+00,gibz8wz8l8,f
34e00c5d-2128-462f-9d5b-cef7424ef16d,andyt2888,VZE6X,[],2026-05-03 18:23:13.298965+00,gibz8wz8l8,f
ee0406ff-5b07-4fd4-8783-9e0311e3876e,sublantis,VZE6X,[],2026-05-03 18:23:48.504508+00,gibz8wz8l8,f
721e3868-ec1d-4c1d-8805-7f49fb49ad1c,k_dog90,93V4L,[],2026-04-14 06:25:27.857819+00,hnf08dna9l,f
cc98ec75-2d2a-4631-bc7a-1e94ef836488,misosososo,93V4L,[],2026-05-01 10:40:02.280827+00,hnf08dna9l,f
f96c1a40-1e60-47e1-b26a-3f4ff954d48f,aussiegreenmachine,93V4L,[],2026-05-01 21:58:29.435279+00,ha26xp3dlc,f
5a296a3f-4ddb-4040-8af9-59d934733a75,colindurr,93V4L,[],2026-05-01 21:59:58.027938+00,hnf08dna9l,f
7ba04ae6-7552-4a99-bdb5-53658625cbdd,apersondownunder,93V4L,[],2026-05-01 22:54:51.242811+00,ha26xp3dlc,f
806fc80a-b28b-4aa8-a967-a75a72642774,frankfurt_77,93V4L,[],2026-05-02 00:15:55.003705+00,o3cz1zlxgx,f
45df7795-dd4b-40ca-9569-f49c9b747560,no_context1366,93V4L,[],2026-05-02 04:15:06.64189+00,hnf08dna9l,f
3ea0bde1-dece-46e2-91cb-d31ec2c22c76,interested_part,93V4L,[],2026-05-02 07:18:00.242018+00,ha26xp3dlc,f
062d29f1-00dd-4aee-9f07-d6c29e0f23a5,rose5216,93V4L,[],2026-05-02 08:40:16.421418+00,hnf08dna9l,f
a98ab95d-488a-4fae-9fcc-c78cb2d71ff7,amayoe,93V4L,[],2026-05-02 08:46:32.698455+00,hnf08dna9l,f
b4af6a24-ec93-4586-bcc3-dbbae9314962,hrva,93V4L,[],2026-05-02 10:24:48.477326+00,ha26xp3dlc,f
6a82a57e-df03-4e51-a275-2ca463704d0a,howza23,93V4L,[],2026-05-02 10:37:10.450365+00,ha26xp3dlc,f
6d27d6ff-8819-492b-a28d-8cd16225fce2,yogi2876,93V4L,[],2026-05-02 15:13:12.102228+00,hnf08dna9l,f
dfcd0106-ebaf-4a09-9ad0-247949e49204,jobelle73,93V4L,[],2026-05-02 15:13:25.24935+00,hnf08dna9l,f
01d99628-0b6e-4645-848a-c95c0805e76b,qiqounette,93V4L,[],2026-05-02 15:24:45.341957+00,qm1c0dvw80,f
b05e7b9b-3e21-44a6-b47e-cf67ab59e867,c1875,93V4L,[],2026-05-02 17:34:12.045316+00,hnf08dna9l,f
72dd107a-18c5-40b1-bce3-6147c7889240,airsolpair,93V4L,[],2026-05-02 18:45:02.74528+00,hnf08dna9l,f
36c97084-72c2-41ad-9e6a-74df0872b8a0,ricinuscommunis,93V4L,[],2026-05-02 19:44:14.899393+00,hnf08dna9l,f
c762c0c8-f477-4b24-9434-2bff58578c79,ivanpachemanov,93V4L,[],2026-05-02 19:46:50.684376+00,j8vg0uzczo,f
d0809c84-b304-4537-9362-5d5fb1386a5f,maxkowalskii,93V4L,[],2026-05-02 21:41:39.983605+00,ha26xp3dlc,f
de9ae637-5278-4e83-b7be-ce5f0dc57345,onyxburg,93V4L,[],2026-05-02 22:52:48.386703+00,ha26xp3dlc,f
4c77f138-e58c-4b91-a6c6-75a87b3b0f5d,eutest,93V4L,[],2026-05-02 22:59:54.36632+00,hnf08dna9l,f
83605296-3566-4ca5-8d57-abb55cfb0b82,ash90skid,93V4L,[],2026-05-02 23:00:12.520266+00,jhby1yyx0g,f
619491bf-a866-44d0-b35e-95936678e4dc,fibreenjoyer,93V4L,[],2026-05-03 00:09:02.158525+00,ha26xp3dlc,f
54eb661c-0f97-4ec3-a16e-e18f92178aa5,pizza61,93V4L,[],2026-05-03 01:16:59.855551+00,jgkgfdh2ig,f
90521f2f-2143-4b57-bf29-224dbac7658a,bat_102,93V4L,[],2026-05-03 07:03:17.621144+00,wyswptdnix,f
7a947d46-ea7c-41df-87fa-4e75316b3dcc,tobenek,93V4L,[],2026-05-03 07:40:56.057491+00,qm1c0dvw80,f
4ba07d03-acb6-48a6-9784-fe4970447d28,marwhy15,93V4L,[],2026-05-03 09:31:04.852986+00,qm1c0dvw80,f
44a5f709-7e35-40d9-95df-a75dc3123ea6,ir1s91,93V4L,[],2026-05-03 09:45:47.776043+00,jhby1yyx0g,f
41f2900e-2131-441c-b0a6-dafc3a4ed196,pharmmd,93V4L,[],2026-05-03 10:19:44.111776+00,hnf08dna9l,f
93c3827c-06d1-4afe-a827-7868396539d6,mergingcultures,93V4L,[],2026-05-03 11:05:12.594019+00,revgaqr4fw,f
64f27e31-9df2-44e8-bb9b-bf4b8a6f2403,mariov1963,93V4L,[],2026-05-03 11:17:03.448453+00,jhby1yyx0g,f
40df89ff-b82c-466c-95b8-a2f2ef5215c6,dmacd9,VZE6X,[],2026-05-03 18:24:34.053143+00,gibz8wz8l8,f
64265596-8390-4e81-b35d-72c922fa5c5f,snptest,VZE6X,[],2026-05-03 12:31:55.182492+00,gibz8wz8l8,f
37ae8ce4-549d-41af-9fca-a6acf74c2283,salsalbob,VZE6X,[],2026-05-03 13:49:32.824549+00,bvdccarcl8,f
a72514a5-e293-4c7c-a28f-036fa534b4a9,jord133,VZE6X,[],2026-05-03 18:26:59.713996+00,gibz8wz8l8,f
2e42a86f-5796-431b-a1a0-8ea49017f5ae,antfrenchy,VZE6X,[],2026-05-03 18:29:00.317262+00,gibz8wz8l8,f
282cdcd5-53bf-451e-8a45-e0d7a222e28f,heych91,VZE6X,[],2026-05-03 18:31:24.122708+00,gibz8wz8l8,f
3229f094-0840-48e2-9687-a50be3a0db41,figuerro,VZE6X,[],2026-05-03 18:42:41.81757+00,cqofjp756v,f
dfaa0d57-26a6-4065-9e1d-2be1e631ea45,np,VZE6X,[],2026-05-03 18:45:30.433537+00,cqofjp756v,f
9e8eb984-acf6-4b7f-8ad2-14eb48b00fc9,spbarrett@proton.me,VZE6X,[],2026-05-03 18:59:17.609447+00,gibz8wz8l8,f
17cca60a-8297-4165-83bb-2e22fbc4fd66,castlej93,VZE6X,[],2026-05-03 18:59:39.900393+00,gibz8wz8l8,f
4200a54a-ac2e-4796-b82d-ba4f9efe9933,m8baros,VZE6X,[],2026-05-03 19:03:18.09788+00,cqofjp756v,f
5a7a1ff9-d049-4d71-8ddb-761eda825214,ellie2603,VZE6X,[],2026-05-03 19:06:15.600151+00,cqofjp756v,f
bb5c7e3d-7319-413b-abee-492937a64bae,tfsll,VZE6X,[],2026-05-03 19:10:58.598554+00,6xclhmm9kf,f
56cdde04-22ea-4203-bc45-d183f80f54d8,rubje82,VZE6X,[],2026-05-03 19:11:48.964849+00,g8xgmfzcix,f
530dbe7b-0c09-471f-96a6-6cc078a30d35,shooter_g3,93V4L,[],2026-05-02 19:06:00.806309+00,hnf08dna9l,f
41d6ea78-a549-406b-90ce-d4a2b065a25c,ohinge,VZE6X,[],2026-05-03 19:33:47.724887+00,gibz8wz8l8,f
2d1e0055-4c3f-4671-ad60-86d751252d25,atzz_mm,VZE6X,[],2026-05-03 20:05:27.990372+00,gibz8wz8l8,f
c8a5339e-b4e8-4397-8ec6-d64d26f9d828,agd57,93V4L,[],2026-05-03 20:14:41.031138+00,hnf08dna9l,f
5eb60dee-6979-4a25-9df4-f9d235f62f27,balticseashore,93V4L,[],2026-05-03 20:19:33.693601+00,qm1c0dvw80,f
85191c5a-4215-49b0-8f78-99edad5c3058,nikola kostadinov,VZE6X,[],2026-05-03 20:22:37.659779+00,gibz8wz8l8,f
609d0dc6-23fa-41ba-ba2b-855dccb81205,backtothepharma,VZE6X,[],2026-05-03 20:29:07.304516+00,gibz8wz8l8,f
b22d3674-b8eb-477c-b413-15b7705a6f4b,psychomantisxo,VZE6X,[],2026-05-03 20:34:39.768036+00,gibz8wz8l8,f
389e49fc-af04-453d-b13e-7a7a119f55ee,wesm001,VZE6X,[],2026-05-03 20:40:52.586825+00,gibz8wz8l8,f
73e74050-f239-47ad-8e81-0a6cb046281f,livejdm,VZE6X,[],2026-05-03 20:42:34.15074+00,gibz8wz8l8,f
4ab6172d-1e35-4f51-a90a-41931f70e7af,oc1313,VZE6X,[],2026-05-03 20:46:34.38719+00,gibz8wz8l8,f
422ef7b9-ae50-4d0f-8c58-ab92afffdd25,evertriedeverfailed,93V4L,[],2026-05-03 20:48:03.135677+00,j8vg0uzczo,f
6d86568e-9933-47a2-a9f6-26e489347870,toml789,93V4L,[],2026-05-03 20:54:43.72492+00,hnf08dna9l,f
8d15e367-ee80-46cf-a02d-41d3d1acc189,toml789,VZE6X,[],2026-05-03 20:55:27.47665+00,gibz8wz8l8,f
8ec26ba4-5287-483c-a69c-e5becb85833a,kabz82,VZE6X,[],2026-05-03 20:58:36.335259+00,gibz8wz8l8,f
e1e72c7f-892a-4e82-9748-c98e392cb079,hotlinerider,VZE6X,[],2026-05-03 21:02:57.005311+00,gibz8wz8l8,f
05e8a164-ac85-4ce6-8273-80bf305f0b3c,such2bee,VZE6X,[],2026-05-03 21:03:13.724981+00,gibz8wz8l8,f
6fe707ff-a81d-4547-b3d0-ab8ae2464dc9,slimmyt247,VZE6X,[],2026-05-03 22:14:30.44921+00,gibz8wz8l8,f
7d93b853-c97c-43d8-a65b-f186af2adfbc,ow1818,VZE6X,[],2026-05-03 22:28:55.061371+00,gibz8wz8l8,f
cf24271c-a91b-4038-a4f3-8609ec95855f,oerange91,VZE6X,[],2026-05-03 22:35:02.822228+00,cqofjp756v,f
d810495b-897b-4e40-b8af-940a21fadcfe,ajer6130,VZE6X,[],2026-05-03 22:42:02.646501+00,gibz8wz8l8,f
86f7d293-d351-4da0-89e7-228bc2ac07c5,jeeunit,VZE6X,[],2026-05-03 23:54:39.530392+00,gibz8wz8l8,f
738a22e6-d5f5-4f6b-903b-da4d2968b242,bae boo,VZE6X,[],2026-05-03 23:58:27.491149+00,gibz8wz8l8,f
e4908cca-a76c-48fc-87e9-f6a7b0d74b52,jonaskamoto,VZE6X,[],2026-05-04 00:26:04.533404+00,x0uoseeb0x,f
6275f8b5-a45d-4334-8b91-e6aeaf8d5d85,ohotoba,VZE6X,[],2026-05-04 00:48:16.027302+00,gibz8wz8l8,f
46cc5414-b1ee-43cf-af86-10a8aa187436,zexor14,VZE6X,[],2026-05-04 01:41:00.741808+00,cqofjp756v,f
9e8ca252-a94a-4108-868c-8fe3a34d8241,sohei,VZE6X,[],2026-05-04 04:03:34.144275+00,cqofjp756v,f
fc1a9463-4e65-488d-8329-3b3507c3c16f,dodgerblu,93V4L,[],2026-05-04 04:44:56.892965+00,jgkgfdh2ig,f
71628a2d-e4c6-43d7-94de-787f08622634,dodgerblu,VZE6X,[],2026-05-04 04:48:44.286356+00,gibz8wz8l8,f
a31ae705-d606-44ff-8097-2fb1f79deb8e,jobelle73,VZE6X,[],2026-05-04 05:55:50.560963+00,gibz8wz8l8,f
30ef667a-994d-442d-b069-5a93a261ee28,ikaramanis,VZE6X,[],2026-05-04 06:02:43.373397+00,0tc6t32plb,f
d5ec1fad-691c-4c65-8abf-484bebb6f79e,kurdishunclo,VZE6X,[],2026-05-04 06:08:34.605653+00,cqofjp756v,f
2b4ddf24-6af2-4c2c-87f6-a74a2c1131f2,rtac26,VZE6X,[],2026-05-04 06:09:26.776034+00,gibz8wz8l8,f
ea0ce650-60ca-4250-b8b5-5988b5e37813,swolverine76,VZE6X,[],2026-05-04 06:28:45.24614+00,cqofjp756v,f
3e365bfb-30d8-4fc2-8ef6-4e704294ef32,kurdishunclo,93V4L,[],2026-05-04 06:29:42.961658+00,qm1c0dvw80,f
d8cec0ff-9460-44c1-81d4-fdac1146281f,abs,VZE6X,[],2026-05-04 06:45:07.489362+00,gibz8wz8l8,f
de5695e9-71aa-4c2a-8315-40bebc54ab62,zebble76,VZE6X,[],2026-05-04 06:53:24.413849+00,gibz8wz8l8,f
6422a43f-4182-4377-86fc-772dff492da9,simon01702,VZE6X,[],2026-05-04 07:08:10.770792+00,gibz8wz8l8,f
4faaddbf-0d13-4d01-9e34-3c5ac76de84e,alexmd07,VZE6X,[],2026-05-04 07:09:04.882471+00,gibz8wz8l8,f
3cc92852-00f5-4bfb-a511-0be1f499d013,tobenek,VZE6X,[],2026-05-04 07:09:21.911423+00,cqofjp756v,f
126ad111-cb64-4399-8828-9e5dc29bb5d1,raychar1es,VZE6X,[],2026-05-04 07:13:27.998097+00,g8xgmfzcix,f
e65486dc-9287-42b0-8c8a-4376a84feea7,rwvwsw,93V4L,[],2026-05-04 07:23:44.147249+00,hnf08dna9l,f
a404364c-c94a-4d89-8578-334e2b733bb2,azulrob,VZE6X,[],2026-05-04 07:31:31.870476+00,cqofjp756v,f
71342fca-f760-4019-9e3c-005e7f56abe5,meltedcalipo,VZE6X,[],2026-05-04 08:19:27.77108+00,gibz8wz8l8,f
0acce7e1-4af6-4ea2-8193-723b52670774,deexab,VZE6X,[],2026-05-04 09:12:26.496271+00,gibz8wz8l8,f
031509e6-32e2-4db1-bd94-75a285f3929f,f4lko87,VZE6X,[],2026-05-04 09:24:39.197504+00,cqofjp756v,f
96af5e23-064d-44b9-8051-b9fc7c0391c4,galya_mihalkova1,VZE6X,[],2026-05-04 09:46:42.721673+00,gibz8wz8l8,f
365f5237-ed76-4c14-ba34-24b24f9ea3f7,mand233,VZE6X,[],2026-05-04 09:49:57.654551+00,gibz8wz8l8,f
c745e05c-e59d-4e50-855b-3ccc5815a487,jbonwards,VZE6X,[],2026-05-04 09:57:37.725225+00,gibz8wz8l8,f
a9849cea-319b-4a25-819b-395d8bfa7493,jacksonjackser,VZE6X,[],2026-05-04 10:07:56.965628+00,a9nq95qgba,f
05f931e4-5b55-4b2e-ac3a-c1a0c53346a2,benji1205,VZE6X,[],2026-05-04 10:59:28.826826+00,gibz8wz8l8,f
a90ab0f9-68f3-4feb-86b9-2ca0b5f05867,aspernight,VZE6X,[],2026-05-04 11:36:43.647091+00,bvdccarcl8,f
e5cf8eae-bbab-4337-83bf-95a85009d8c7,lewis571,VZE6X,[],2026-05-04 12:20:00.179726+00,gibz8wz8l8,f
27abcc91-bd14-4f9a-932d-b543544b7e66,mkp_uk,VZE6X,[],2026-05-04 13:19:32.070248+00,gibz8wz8l8,f
af41db37-3909-4a90-8b70-03c412f50ec4,mirculina,VZE6X,[],2026-05-04 13:21:38.691168+00,gibz8wz8l8,f
85820641-91f0-4ed9-9f78-7298a12c7954,poochielagrande,VZE6X,[],2026-05-04 13:22:13.330535+00,g8xgmfzcix,f
093e7462-8618-4440-a428-573107f497fd,tomte12,VZE6X,[],2026-05-04 13:23:29.700654+00,cqofjp756v,f
4269dc6c-9010-40b7-951c-36f458827f42,murkle_8,VZE6X,[],2026-05-04 14:28:11.507004+00,gibz8wz8l8,f
7edf935d-9d70-421d-b64f-00ab8ea6b8bc,basilbrush1,VZE6X,[],2026-05-04 14:31:01.903755+00,gibz8wz8l8,f
7499dcec-d5f4-4e39-9de2-84920723b305,josie_uk,VZE6X,[],2026-05-04 14:35:05.438649+00,gibz8wz8l8,f
7355572e-79f0-4f22-ad1e-2641d8b41fc2,jah1991,VZE6X,[],2026-05-04 15:13:54.134612+00,gibz8wz8l8,f
6c45f4b0-b30c-41e7-aab0-5743e1e7f968,aprilblackcat,VZE6X,[],2026-05-04 16:12:23.269794+00,bvdccarcl8,f
a81ed263-a93f-48e1-bfff-76ac3fcb0ba2,cozzzx,VZE6X,[],2026-05-04 16:21:21.730146+00,bvdccarcl8,f
106fc726-8911-4f7b-adff-41f8a8960f18,artaniszealot,VZE6X,[],2026-05-04 16:26:36.044913+00,g8xgmfzcix,f
ae0a8d3e-d124-41d6-9c42-558894bf555b,houseoftoes,VZE6X,[],2026-05-04 17:00:19.605255+00,xwkcu1iatj,f
0fe43fae-c6e4-4383-a26c-956daf03bc6f,k_andl,VZE6X,[],2026-05-04 17:00:49.628926+00,gibz8wz8l8,f
6240f8a3-c8bc-4810-9821-7a6c18662cf2,delight1196,VZE6X,[],2026-05-04 17:57:50.089502+00,a9nq95qgba,f
3cc9efdc-2dfa-412f-b3b0-0de56d95956a,alexbbing,VZE6X,[],2026-05-04 18:32:58.076787+00,3kukzv1d0t,f
033a2d4f-aed6-4c1c-a5e2-ddca0916c17d,timofeeeeeeeee,VZE6X,[],2026-05-04 18:39:45.125341+00,gibz8wz8l8,f
3c99a420-df1d-4c00-9bde-2379dc911312,todomir,VZE6X,[],2026-05-04 19:02:41.696356+00,bvdccarcl8,f
7ba72380-dc61-4c9c-b3c1-48dc7ea3eaf9,cgall88,VZE6X,[],2026-05-04 19:36:11.492955+00,gibz8wz8l8,f
5e0ab9d3-0fda-4d60-97af-6a148cd06edd,stevejjj,VZE6X,[],2026-05-04 19:52:47.270857+00,gibz8wz8l8,f
56ef1463-8d0a-4226-ae8b-2b030cb89efd,discost1ck,VZE6X,[],2026-05-04 19:52:56.132011+00,g8xgmfzcix,f
14ea748e-b3fe-443f-a9c7-b6c08fdb1dbd,beargreene,VZE6X,[],2026-05-04 20:06:28.474499+00,wvhn5j9r59,f
12055a48-b00e-44df-a82a-1c5ceb78da18,monchitomadrid,VZE6X,[],2026-05-04 20:12:39.913122+00,bvdccarcl8,f
47e7df1f-e29b-441c-acd0-200c352db742,pharmmd,VZE6X,[],2026-05-04 20:18:14.776976+00,gibz8wz8l8,f
1805e975-2a6b-4937-b594-599dfe28cbd3,queasyinvestment,VZE6X,[],2026-05-04 20:48:02.163492+00,gibz8wz8l8,f
1fbe440a-5c84-4b6a-870c-56594bdc089f,certikidd9,VZE6X,[],2026-05-04 21:01:05.111946+00,gibz8wz8l8,f
3971ba36-9010-4f6a-af61-e3fea2142a05,alexlg13,VZE6X,[],2026-05-04 22:27:30.73284+00,gibz8wz8l8,f
89724483-de25-4b6b-a639-59f589f2bf5d,blunderboy6,VZE6X,[],2026-05-04 22:35:26.588006+00,gibz8wz8l8,f
bffbc99e-290e-4117-8889-73d9cc1af193,nazsla,VZE6X,[],2026-05-05 02:51:25.33774+00,g8xgmfzcix,f
219c5a12-b2e6-4671-8fc5-64559496f1f1,zippy1313,VZE6X,[],2026-05-05 05:38:33.727738+00,xwkcu1iatj,f
4902853c-8a58-47b4-a621-272a0f010a01,kchte,VZE6X,[],2026-05-05 07:17:55.965742+00,xwkcu1iatj,f
e578fc58-2594-456c-8210-f3dcbe46df42,1poundfish,VZE6X,[],2026-05-05 08:18:55.475844+00,gibz8wz8l8,f
d9ee862c-86ea-4ce7-b4cc-8fd8c69cc675,ricinuscommunis,VZE6X,[],2026-05-05 08:56:01.313059+00,gibz8wz8l8,f
c8439926-883b-4809-ab52-b9fa80da0307,spacken01,VZE6X,[],2026-05-05 09:22:34.358689+00,cqofjp756v,f
423357ac-34b0-4381-bef0-c798b2a130b5,riapepts,VZE6X,[],2026-05-05 10:04:54.031963+00,bvdccarcl8,f
c2c6550b-e2f7-40a0-911c-9d2f6e42b3c8,prem_peps,VZE6X,[],2026-05-05 11:05:02.706804+00,gibz8wz8l8,f
1bbb0c89-c8ab-4b56-8979-4c75a6b0a0ff,nem,VZE6X,[],2026-05-05 11:25:46.634596+00,gibz8wz8l8,f
6673dd14-666a-408c-8178-9990f400ef9c,leilola1,VZE6X,[],2026-05-05 13:54:49.896599+00,gibz8wz8l8,f
87156843-25fe-4988-aafa-ab215d6a594f,funky_squid,VZE6X,[],2026-05-05 14:50:41.451989+00,gibz8wz8l8,f
23669a5c-598b-4a72-b35f-028f974542b5,pepboy43,VZE6X,[],2026-05-05 16:50:49.989711+00,gibz8wz8l8,f
2d4e9681-ec69-4537-8fdc-5e8097d40a7b,misosososo,VZE6X,[],2026-05-05 17:22:43.257183+00,gibz8wz8l8,f
ac389955-083d-4490-a3bc-a6fd1f12d2c7,theseal99,VZE6X,[],2026-05-05 17:38:25.316348+00,gibz8wz8l8,f
f76b25a2-450c-4223-9d1b-a7694d1ed7fa,peptidebizmo,VZE6X,[],2026-05-05 18:04:09.870992+00,gibz8wz8l8,f
a5a76551-b9ad-4781-8168-4d2aed661025,dazzlaj,VZE6X,[],2026-05-05 18:56:21.246746+00,gibz8wz8l8,f
2cba6e94-c2a8-463e-ad2f-4c01ffa36fd9,sh4n_97,VZE6X,[],2026-05-05 18:57:42.490202+00,gibz8wz8l8,f
b3d2dfa9-534e-4924-9e78-bbd9f148e2c3,sutherland82,VZE6X,[],2026-05-05 19:20:05.792034+00,gibz8wz8l8,f
93b65e26-a1ac-45c4-9ab0-335f3e5241df,purpleguava3127,VZE6X,[],2026-05-05 19:20:11.615889+00,kav4hw3beg,f
30db114c-44fc-4f5e-bc13-d9f63994e9d7,donpatch0,VZE6X,[],2026-05-05 19:26:47.903977+00,6xclhmm9kf,f
78e1c05f-2fd2-43cc-947c-679d8f73a2fd,vasendak,VZE6X,[],2026-05-05 19:53:39.163492+00,gibz8wz8l8,f
8de6540e-4959-4bfe-ad4b-84e4335caf80,snowhite_ak,VZE6X,[],2026-05-05 21:20:11.403146+00,xwkcu1iatj,f
60a8527e-ccfa-41c8-aec6-aff69e7c48cb,aussiegreenmachine,VZE6X,[],2026-05-05 22:09:08.291951+00,00b6p647nx,f
23ef4ade-03fe-433b-a622-099cd62cd7cc,addison086,VZE6X,[],2026-05-06 00:02:11.409856+00,xwkcu1iatj,f
e0faa61e-9b29-4db2-8f03-f556a52f82a9,skar467,VZE6X,[],2026-05-06 00:15:57.074982+00,xwkcu1iatj,f
2ce9169d-4c74-4c14-93ad-eb666da91555,jeanbaptistepassant,VZE6X,[],2026-05-06 07:42:28.750645+00,6xclhmm9kf,f
d3bf2f16-d81d-4417-8aaa-d729678c3ccb,justrandom66,VZE6X,[],2026-05-06 08:39:57.368748+00,g8xgmfzcix,f
863d1660-d43c-4d07-aede-4e7ad15250da,cartmanxxx,VZE6X,[],2026-05-06 08:51:47.773558+00,gibz8wz8l8,f
5ead373c-0547-4771-90b8-169c691990ab,f00bz,VZE6X,[],2026-05-06 10:09:21.980224+00,xwkcu1iatj,f
54f48540-c69a-48f2-8bba-52b607b8da5d,thorbard,VZE6X,[],2026-05-06 10:14:59.838204+00,6xclhmm9kf,f
43119932-698c-46cd-a880-c0fcf516a98d,b00sted,VZE6X,[],2026-05-06 10:22:18.56952+00,xwkcu1iatj,f
036b3ef4-2789-4c9c-825b-c391ff9fe7d5,curlyc2002,VZE6X,[],2026-05-06 10:39:26.671422+00,g8xgmfzcix,f
817c7fbe-cc3c-4698-8599-269dbece657d,neverevenseenit,VZE6X,[],2026-05-06 12:00:05.801242+00,gibz8wz8l8,f
5f7ebcfe-f6f5-430e-a10c-6598611fa41c,vibecheck,VZE6X,[],2026-05-06 12:11:35.816086+00,zha54vf0eu,f
faa1f2ff-043d-475f-97b6-53dbf70570db,still_dre91,VZE6X,[],2026-05-06 13:05:45.650578+00,xwkcu1iatj,f
616bee26-70bb-48d6-9d5a-b8a12e99d9f4,birdwatchingers,VZE6X,[],2026-05-06 13:08:54.003578+00,cqofjp756v,f
63958ce4-995d-4b3f-9b64-e0cc1720cd87,yacko,VZE6X,[],2026-05-06 13:25:01.283133+00,gibz8wz8l8,f
af20fa11-c2d7-4b51-beae-0f9300cb317c,genji,VZE6X,[],2026-05-06 13:58:11.6438+00,g8xgmfzcix,f
827167dd-45a4-4b61-bad6-1414c245ec61,northrnspirit,VZE6X,[],2026-05-06 14:03:46.771742+00,gibz8wz8l8,f
2f090a73-8eb5-4292-8b43-cdc3d9c9a973,fazi28,VZE6X,[],2026-05-06 14:55:27.699987+00,kav4hw3beg,f
46cc7c58-de85-4c1a-bc9a-5457f0091dcf,kevin,VZE6X,[],2026-05-06 15:12:19.109334+00,xwkcu1iatj,f
268811a4-9772-4818-94c2-9f0c23ba07fe,mago_conti,VZE6X,[],2026-05-06 15:46:27.453654+00,cqofjp756v,f
413f10eb-a0b2-4321-941a-d71ed1675aea,charlie.paul.dauria@gmail.com,VZE6X,[],2026-05-06 16:29:38.293617+00,gibz8wz8l8,f
f2d4d70b-cb7c-4853-ba4e-b271534dfad7,teck,VZE6X,[],2026-05-06 17:14:21.557309+00,cqofjp756v,f
ba50cee7-d12e-4c3a-bfaa-6e9578a4ee7b,jobbyb,VZE6X,[],2026-05-06 20:02:51.237715+00,xwkcu1iatj,f
34d42818-adfe-4249-b578-25731783a233,caveguard,VZE6X,[],2026-05-06 20:15:37.643952+00,cqofjp756v,f
a22023fc-071f-45ce-afe9-7dc9d5f4eff9,nineresearch,VZE6X,[],2026-05-06 23:51:31.560771+00,xwkcu1iatj,f
459d0b67-f420-475d-9f7b-24e83df16717,joepmeloen_666,VZE6X,[],2026-05-07 02:15:32.403686+00,g8xgmfzcix,f
089cbd18-b184-47bf-949d-5376b73f7051,joehoe333,VZE6X,[],2026-05-07 04:24:52.386184+00,g8xgmfzcix,f
e19af8a2-7acf-4ced-8e41-1b18ddbeddbb,rwvwsw,VZE6X,[],2026-05-07 06:03:36.236693+00,cqofjp756v,f
f515ece4-0159-48ef-96d5-8aa85a1432b0,johnnywalker70,VZE6X,[],2026-05-07 06:23:54.973475+00,gibz8wz8l8,f
ed931ddd-158e-4a06-858d-6bddca180186,rcoutada@proton.me,VZE6X,[],2026-05-07 09:03:27.467429+00,x0uoseeb0x,f
690705fe-abba-4873-acd7-92953ab0f294,antonyb766,VZE6X,[],2026-05-07 10:02:04.197006+00,gibz8wz8l8,f
255b99b6-7ef7-40d8-8b07-c7c5c8fd2450,griffog,VZE6X,[],2026-05-07 11:07:39.183634+00,gibz8wz8l8,f
07b4bcfe-bcea-4eac-ae0a-86acaaa1dc60,liv,VZE6X,[],2026-05-07 13:31:35.289055+00,gibz8wz8l8,f
40297a48-9273-4507-978f-65f841c0549b,tom_j88,VZE6X,[],2026-05-07 13:35:45.225202+00,gibz8wz8l8,f
8e8a6657-69ff-4b35-bcc0-a9365f3ffd96,thechappers,VZE6X,[],2026-05-07 15:40:54.513062+00,gibz8wz8l8,f
28b37b0a-4a52-4209-aaa5-a3e5fd7c0d11,crusader2077,VZE6X,[],2026-05-07 17:39:42.417219+00,gibz8wz8l8,f
059c4b2f-495f-4f7e-84ca-7d58603efbd2,rice0603,VZE6X,[],2026-05-07 19:43:19.217399+00,gibz8wz8l8,f
b400a1ab-64ef-45d7-bcd0-4858076cd444,brudabrudda,VZE6X,[],2026-05-07 19:45:12.011894+00,gibz8wz8l8,f
16528692-de05-4cfc-a98a-9362e22cdc84,fbx2000,VZE6X,[],2026-05-07 20:38:21.36783+00,gibz8wz8l8,f
7eb247bd-5aa6-4973-968f-4b7fd586f4a1,lh100498,VZE6X,[],2026-05-07 21:06:24.415642+00,gibz8wz8l8,f
8ef3dae6-6fe7-4e2a-ad7a-199ef28fd393,biokimix,VZE6X,[],2026-05-07 21:42:56.474896+00,gibz8wz8l8,f
79cbf0dd-0663-438a-8402-a188b73a8631,renegade88,VZE6X,[],2026-05-07 21:46:46.067812+00,cqofjp756v,f
6f9c3846-32bc-4aa8-a645-edafafbb291c,polygonpeptides,VZE6X,[],2026-05-07 22:35:38.364701+00,gibz8wz8l8,f
7a135c31-0376-4443-aca3-21ac7af03df8,apexpep1,VZE6X,[],2026-05-08 00:43:56.92081+00,gibz8wz8l8,f
49ed5ac8-a36e-4299-ad01-79305767cdaf,no7863,VZE6X,[],2026-05-08 02:32:58.621193+00,gibz8wz8l8,f
47162443-3235-4518-bd47-74d7b82c2947,sicoted,VZE6X,[],2026-05-08 02:35:30.903954+00,gibz8wz8l8,f
141f14d4-b0d8-4411-af67-825049c5103e,magxvv,VZE6X,[],2026-05-08 05:27:47.45325+00,gibz8wz8l8,f
7454dc61-ced9-4b9c-9da3-0edff042fc17,sisfunmiabz,VZE6X,[],2026-05-08 05:29:04.222584+00,gibz8wz8l8,f
b020d33b-8446-4288-8d3a-6410a57c6b18,siliconspectre,VZE6X,[],2026-05-08 10:27:49.529755+00,g8xgmfzcix,f
aa85359f-d99e-4a64-96ad-2d5427dc4814,lb199210,VZE6X,[],2026-05-08 11:06:52.533343+00,gibz8wz8l8,f
