"id","order_id","product_id","product_name","quantity","unit_price","line_total","created_at","updated_at"
"00c14223-3de3-40a3-b32b-f963766b3ff2","3f1e6f0a-d1fa-474e-a8ea-68c90fc1d9a1","p012","Retatrutide 40mg","1.00","165.00","165.00","""2026-03-18T20:20:09.108Z""","""2026-03-18T20:20:09.108Z"""
"02816950-7673-4a9f-b3e9-18073498a158","b78aec11-7f54-4c54-8743-bc935ac61bdb","p006","Tirzepatide 45mg","1.00","115.00","115.00","""2026-03-22T21:38:17.981Z""","""2026-03-22T21:38:17.981Z"""
"045bd1a3-13a9-4aec-83a2-1ad79d067cc8","8fee86d5-5f56-462a-bc6f-354c2bcdc90e","p057","Ipamorelin 10mg","1.00","80.00","80.00","""2026-03-18T20:20:08.973Z""","""2026-03-18T20:20:08.973Z"""
"04fc2437-832d-4346-bee1-3a0054d5c9a6","f60f0ab9-67c4-46a7-a727-ee980a4f2afc","p019","BAC water 10ml","1.00","25.00","25.00","""2026-03-22T21:38:17.820Z""","""2026-03-22T21:38:17.820Z"""
"059f8ec1-1839-4ffb-a69a-26cc2dda10ae","17b2c399-9bba-4740-8b1e-751b5baaa252","p110","Cortagen 20mg","0.50","120.00","60.00","""2026-03-18T20:20:08.942Z""","""2026-03-18T20:20:08.942Z"""
"06662344-fb8f-4ce9-b599-e2497e87047e","fdf31f08-a46c-49e0-bd57-a8696357373d","p124","KPV 500mcg Tablets","1.00","55.00","55.00","""2026-03-22T21:38:17.689Z""","""2026-03-22T21:38:17.689Z"""
"06b2e768-c30a-47e4-a991-2ad7096f205d","c0a3135e-928e-4285-8916-e1f7ed71e04b","p020","GAC water 3ml","1.00","15.00","15.00","""2026-03-18T20:20:08.917Z""","""2026-03-18T20:20:08.917Z"""
"07446797-0230-45dc-a3eb-8270cf8315c2","592339ba-f816-436f-91f4-6f628de8387b","p039","Epitalon 10mg","1.00","45.00","45.00","""2026-03-22T21:38:17.793Z""","""2026-03-22T21:38:17.793Z"""
"07c7a90e-f47e-417a-aadb-ed97f82a2f92","8723edc0-ea34-45d6-8577-8a56879d8f70","p010","Retatrutide 20mg","2.00","120.00","240.00","""2026-03-22T21:38:17.927Z""","""2026-03-22T21:38:17.927Z"""
"085e0a8b-7508-42ff-b882-fbac4555c93e","c67237d3-15ca-4487-b138-43c30d2e1df0","p039","Epitalon 10mg","2.00","45.00","90.00","""2026-03-18T20:20:08.877Z""","""2026-03-18T20:20:08.877Z"""
"0bab291d-9d78-43f9-bd8f-5ae0fc8b6bc9","1dfd8692-2bbd-410d-b9b2-cfc5e1c467f7","p005","Tirzepatide 30mg","1.00","90.00","90.00","""2026-03-22T21:38:17.880Z""","""2026-03-22T21:38:17.880Z"""
"0c322c29-3763-455b-abbf-d4fb4123d9d5","af9e5b89-b039-4746-93be-5e2c9cf2dddd","p085","KPV 30mg","0.50","145.00","72.50","""2026-03-18T20:20:09.007Z""","""2026-03-18T20:20:09.007Z"""
"0d5a66f8-27f8-4503-aa0f-73489247889f","e5c3cec0-3ffe-46c3-a963-160b926cdaab","p024","HGH 10IU","2.00","50.00","100.00","""2026-03-22T21:38:17.784Z""","""2026-03-22T21:38:17.784Z"""
"0e5a319b-4b8a-4604-bac8-133667736ead","e8b38f59-85d4-4c03-9581-eca90f3bf35f","p007","Tirzepatide 60mg","1.00","135.00","135.00","""2026-03-18T20:20:09.000Z""","""2026-03-18T20:20:09.000Z"""
"0ead2647-727d-442c-92ac-f96a0370141c","afb0cd40-6e8d-40be-9667-7fd66501eeab","p030","BPC 157 10mg","1.00","45.00","45.00","""2026-03-22T21:38:17.917Z""","""2026-03-22T21:38:17.917Z"""
"0eeb1a71-3f32-483a-9543-f91da2299cdd","c310cffd-47c0-4225-ade9-62923897b77f","p084","KPV 10mg","1.00","60.00","60.00","""2026-03-18T20:20:08.899Z""","""2026-03-18T20:20:08.899Z"""
"0f3ae874-25a0-4b30-ae39-99f71483607d","af9e5b89-b039-4746-93be-5e2c9cf2dddd","p024","HGH 10IU","1.00","50.00","50.00","""2026-03-18T20:20:09.007Z""","""2026-03-18T20:20:09.007Z"""
"0f91f294-7034-4ed7-b7cb-1babde0ebdfe","caceb2a2-950e-48e8-a2b8-2e187006036a","p019","BAC water 10ml","1.00","25.00","25.00","""2026-03-22T21:38:17.956Z""","""2026-03-22T21:38:17.956Z"""
"11161c95-1fec-4488-8165-27b0d5b01fc2","c0a3135e-928e-4285-8916-e1f7ed71e04b","p008","Tirzepatide 100mg","1.00","220.00","220.00","""2026-03-18T20:20:08.917Z""","""2026-03-18T20:20:08.917Z"""
"1128e7df-a73c-4192-8096-f157e6df4a5b","97714f03-36a3-47e0-ab99-52143db1645e","p099","Glutathione 600mg GMP 10ml 10vials","1.00","45.00","45.00","""2026-03-22T21:38:17.680Z""","""2026-03-22T21:38:17.680Z"""
"11b5b89c-e9db-478c-a454-48371a56da02","d25da38b-20aa-40ff-ba34-e1638b380836","p024","HGH 10IU","3.00","50.00","150.00","""2026-03-18T20:20:08.989Z""","""2026-03-18T20:20:08.989Z"""
"11f966db-f067-4ec7-a884-80f932ec47ef","c67237d3-15ca-4487-b138-43c30d2e1df0","p062","Selank 10mg","1.00","55.00","55.00","""2026-03-18T20:20:08.877Z""","""2026-03-18T20:20:08.877Z"""
"129db174-7fce-4596-82d1-c0f3c44f23fe","305f0061-6f0e-46c2-95ef-9a2cac85d059","p123","BPC 157 500mcg Tablets","3.00","55.00","165.00","""2026-03-22T21:38:17.615Z""","""2026-03-22T21:38:17.615Z"""
"12c1008d-11a0-4f54-8a8e-e077ba79ddcd","a052989f-8ba3-4a2f-8d8e-0a1bdd5d3aee","p005","Tirzepatide 30mg","1.00","90.00","90.00","""2026-03-22T21:38:17.714Z""","""2026-03-22T21:38:17.714Z"""
"12c545fe-b5be-4a5e-98cb-559d191970e4","bb1c75a0-a705-4887-9f13-38ed114c6af3","p004","Tirzepatide 20mg","1.00","85.00","85.00","""2026-03-18T23:17:30.972Z""","""2026-03-18T23:17:30.972Z"""
"12f728f6-c12c-40b0-bffe-0a66ac3b2ced","03a194ac-176f-45d5-9f81-6a28e7f17c0c","p078","GHK-CU 100mg","1.00","51.00","51.00","""2026-03-18T20:20:09.035Z""","""2026-03-18T20:20:09.035Z"""
"14e5799f-418f-4553-9571-e63e081e160e","b0ca116d-aaea-4b84-9ae0-8cac8ad64280","p069","DSIP 5mg","1.00","35.00","35.00","""2026-03-18T20:20:09.097Z""","""2026-03-18T20:20:09.097Z"""
"155afa06-600d-4f5a-8943-8d87126e7a0c","3bd9eefd-7e2a-4e5c-9b4e-b1cff3038cf4","p030","BPC 157 10mg","1.00","45.00","45.00","""2026-03-18T20:20:08.891Z""","""2026-03-18T20:20:08.891Z"""
"155fa6e3-a08d-4234-9029-dd53207a02fe","872ee5ff-b754-4068-ad98-c7c06c86e42d","p007","Tirzepatide 60mg","1.00","135.00","135.00","""2026-03-18T20:20:09.067Z""","""2026-03-18T20:20:09.067Z"""
"16d4b084-e8f3-455f-922e-fa6b0504c5c8","83a3d960-ba23-47a3-883c-ed6883ab9d27","p118","Vesilute 20mg","1.00","120.00","120.00","""2026-03-18T20:20:09.071Z""","""2026-03-18T20:20:09.071Z"""
"16f2403c-c9e6-4133-8c0c-5ea937aa31bc","7c889b8d-fad8-4149-bbba-ed674010df4f","p005","Tirzepatide 30mg","1.00","90.00","90.00","""2026-03-22T21:38:17.731Z""","""2026-03-22T21:38:17.731Z"""
"170dfb42-e15f-459f-af09-61e9ad2b855a","af9e5b89-b039-4746-93be-5e2c9cf2dddd","p007","Tirzepatide 60mg","0.50","135.00","67.50","""2026-03-18T20:20:09.007Z""","""2026-03-18T20:20:09.007Z"""
"172b21c7-8208-4313-9fc5-44831ec771cd","17b2c399-9bba-4740-8b1e-751b5baaa252","p049","Tesamorelin 10mg","0.50","125.00","62.50","""2026-03-18T20:20:08.942Z""","""2026-03-18T20:20:08.942Z"""
"18551a57-1fc8-4c3d-a57f-25bf5aaa8672","c0a3135e-928e-4285-8916-e1f7ed71e04b","p012","Retatrutide 40mg","1.00","165.00","165.00","""2026-03-18T20:20:08.917Z""","""2026-03-18T20:20:08.917Z"""
"191700ee-94aa-4831-9fa3-2883e78ee267","7c889b8d-fad8-4149-bbba-ed674010df4f","p010","Retatrutide 20mg","1.00","120.00","120.00","""2026-03-22T21:38:17.731Z""","""2026-03-22T21:38:17.731Z"""
"197f7376-7b86-45c1-8efa-6067b35c79d2","ba9c18e1-1c1f-4ef9-923d-8d0a272f94f9","p007","Tirzepatide 60mg","1.00","135.00","135.00","""2026-03-22T21:38:17.661Z""","""2026-03-22T21:38:17.661Z"""
"1a00f57b-cf08-4efe-b81e-d7dd28f1ef06","e8b38f59-85d4-4c03-9581-eca90f3bf35f","p024","HGH 10IU","1.00","50.00","50.00","""2026-03-18T20:20:09.000Z""","""2026-03-18T20:20:09.000Z"""
"250ddb4b-fa88-4a24-b671-4db07db39665","8723edc0-ea34-45d6-8577-8a56879d8f70","p072","BPC 10mg / TB4 10mg Blend","1.00","135.00","135.00","""2026-03-22T21:38:17.927Z""","""2026-03-22T21:38:17.927Z"""
"26e7c5e6-1026-4a87-abbe-4e81174d947e","cf6314ad-7e40-4b9a-bf6f-0d95d4db46ca","p042","Melanotan II 10mg","0.50","40.00","20.00","""2026-03-18T20:20:09.029Z""","""2026-03-18T20:20:09.029Z"""
"2738030e-e06d-487c-8fea-9c0960d18f3f","d25da38b-20aa-40ff-ba34-e1638b380836","p003","Tirzepatide 15mg","1.00","80.00","80.00","""2026-03-18T20:20:08.989Z""","""2026-03-18T20:20:08.989Z"""
"27c24c79-83b5-42f1-893a-1ad5b935661c","e4072f01-9d20-4626-82fb-42429db2411d","p013","Retatrutide 50mg","2.00","205.00","410.00","""2026-03-22T21:38:17.604Z""","""2026-03-22T21:38:17.604Z"""
"283d5ac3-1d3e-4857-b66d-2780671bf3cb","0581d320-40f1-40e7-9adb-cd05ffaabda1","p108","Vilon 20mg","1.00","120.00","120.00","""2026-03-18T20:20:09.024Z""","""2026-03-18T20:20:09.024Z"""
"288f4d54-b9d0-4839-b2ba-f94dc4a57169","05edc6e3-04b1-4487-bdda-898348202bfb","p017","Survodutide 10mg","1.00","170.00","170.00","""2026-03-18T20:20:09.076Z""","""2026-03-18T20:20:09.076Z"""
"28a99453-8ca2-431a-8b89-74dcd6fe5c01","3bd9eefd-7e2a-4e5c-9b4e-b1cff3038cf4","p089","KLOW (TB10+BPC10+KPV10+GHK50)","1.00","160.00","160.00","""2026-03-18T20:20:08.891Z""","""2026-03-18T20:20:08.891Z"""
"297118df-50ef-48ab-b6a1-6b53879541d7","fb87ced5-8e31-4eaf-a3cd-64cba23b3188","p007","Tirzepatide 60mg","2.00","135.00","270.00","""2026-03-18T20:20:08.924Z""","""2026-03-18T20:20:08.924Z"""
"298d5e58-c3f4-4cfe-a64e-5185ec89a41c","a4cab9d2-7cb6-4f24-baa6-208f41bad4ca","p080","NAD+ 500mg","1.00","95.00","95.00","""2026-03-18T20:20:08.905Z""","""2026-03-18T20:20:08.905Z"""
"2aa851bf-d359-4f3c-957b-5d49b087d863","cf6314ad-7e40-4b9a-bf6f-0d95d4db46ca","p002","Tirzepatide 10mg","1.00","65.00","65.00","""2026-03-18T20:20:09.029Z""","""2026-03-18T20:20:09.029Z"""
"2ac347a2-c6ce-400a-94d6-8ea6b0bcd8e8","21741634-0920-4730-8e10-8aa0e87aecf4","p010","Retatrutide 20mg","1.00","120.00","120.00","""2026-03-22T21:38:17.828Z""","""2026-03-22T21:38:17.828Z"""
"2d3034cc-8ef2-4d18-aaab-a2f8d154b9c3","8fee86d5-5f56-462a-bc6f-354c2bcdc90e","p025","IGF-1 LR3 1mg","1.00","210.00","210.00","""2026-03-18T20:20:08.973Z""","""2026-03-18T20:20:08.973Z"""
"2da837ef-1098-445e-b99a-509cc10b7fd7","c310cffd-47c0-4225-ade9-62923897b77f","p024","HGH 10IU","2.00","50.00","100.00","""2026-03-18T20:20:08.899Z""","""2026-03-18T20:20:08.899Z"""
"2dfc780b-5f3d-43ae-bf22-25177ef81468","83a3d960-ba23-47a3-883c-ed6883ab9d27","p039","Epitalon 10mg","1.00","45.00","45.00","""2026-03-18T20:20:09.071Z""","""2026-03-18T20:20:09.071Z"""
"2f9bbe79-35cf-4db9-bf1d-9180d3ed14af","f7a805fd-f97e-4689-a011-2737dadc372f","p080","NAD+ 500mg","1.00","95.00","95.00","""2026-03-18T20:20:08.959Z""","""2026-03-18T20:20:08.959Z"""
"31cd4fa0-97c7-4f64-a7ef-93f85187955e","8fee86d5-5f56-462a-bc6f-354c2bcdc90e","p072","BPC 10mg / TB4 10mg Blend","3.00","135.00","405.00","""2026-03-18T20:20:08.973Z""","""2026-03-18T20:20:08.973Z"""
"31e60a3c-7815-44c3-a951-987724b676e8","af9e5b89-b039-4746-93be-5e2c9cf2dddd","p013","Retatrutide 50mg","1.00","205.00","205.00","""2026-03-18T20:20:09.007Z""","""2026-03-18T20:20:09.007Z"""
"32a42f40-a97b-47a7-a79c-1cc21c7af680","afb0cd40-6e8d-40be-9667-7fd66501eeab","p084","KPV 10mg","1.00","60.00","60.00","""2026-03-22T21:38:17.917Z""","""2026-03-22T21:38:17.917Z"""
"32a83f5d-c655-4f5a-9cd4-1f79dfcc79ae","c67237d3-15ca-4487-b138-43c30d2e1df0","p012","Retatrutide 40mg","2.00","165.00","330.00","""2026-03-18T20:20:08.877Z""","""2026-03-18T20:20:08.877Z"""
"335b7fd1-5ce6-47b6-9019-753c12aeb9fc","fb87ced5-8e31-4eaf-a3cd-64cba23b3188","p078","GHK-CU 100mg","3.00","51.00","153.00","""2026-03-18T20:20:08.924Z""","""2026-03-18T20:20:08.924Z"""
"3398f41e-ba84-4bc8-bd5b-422feea7835e","af9e5b89-b039-4746-93be-5e2c9cf2dddd","p091","Ara-290 16mg","2.00","60.00","120.00","""2026-03-18T20:20:09.007Z""","""2026-03-18T20:20:09.007Z"""
"348a9640-d5a6-44fe-a0be-31580aebf1f0","226918e3-7a48-4dd4-982d-3b2bc27c3723","p016","Mazdutide 10mg","1.00","160.00","160.00","""2026-03-22T21:38:17.768Z""","""2026-03-22T21:38:17.768Z"""
"35342a0e-6866-4fe2-bc2b-7c6e0d5973f0","ed8e0967-57d6-421d-906e-8ca68e8cc3ba","p089","KLOW (TB10+BPC10+KPV10+GHK50)","1.00","160.00","160.00","""2026-03-18T20:20:09.062Z""","""2026-03-18T20:20:09.062Z"""
"3676b54b-b871-44df-aeb7-49220f2e0f76","8fee86d5-5f56-462a-bc6f-354c2bcdc90e","p042","Melanotan II 10mg","1.00","40.00","40.00","""2026-03-18T20:20:08.973Z""","""2026-03-18T20:20:08.973Z"""
"36abaec6-b4fa-4405-a845-9ad1752ee1a6","8723edc0-ea34-45d6-8577-8a56879d8f70","p079","GHK-CU 50mg","1.00","40.00","40.00","""2026-03-22T21:38:17.927Z""","""2026-03-22T21:38:17.927Z"""
"36ae5ce2-da49-47c1-b9ce-b6ef92b7af23","8fee86d5-5f56-462a-bc6f-354c2bcdc90e","p052","Mots-C 20mg","1.00","95.00","95.00","""2026-03-18T20:20:08.973Z""","""2026-03-18T20:20:08.973Z"""
"36af92ee-510d-4b2c-807c-5eeb41ed6ead","9ece120d-7dbc-4009-ae0c-658d3d58b3d5","p097","HCG 2000 IU GMP 3ml 10vials","1.00","70.00","70.00","""2026-03-18T20:20:09.057Z""","""2026-03-18T20:20:09.057Z"""
"3717fc75-db90-4f40-9414-316c56786648","813442f1-cfc6-45bc-9a82-3d1a63068328","p007","Tirzepatide 60mg","1.00","135.00","135.00","""2026-03-18T20:20:09.046Z""","""2026-03-18T20:20:09.046Z"""
"3995ca85-47d3-4840-a3d7-30b3a0327c8d","813442f1-cfc6-45bc-9a82-3d1a63068328","p019","BAC water 10ml","1.00","25.00","25.00","""2026-03-18T20:20:09.046Z""","""2026-03-18T20:20:09.046Z"""
"3a47d1d3-a70b-4034-92e3-c350fb726bda","03a194ac-176f-45d5-9f81-6a28e7f17c0c","p080","NAD+ 500mg","1.00","95.00","95.00","""2026-03-18T20:20:09.035Z""","""2026-03-18T20:20:09.035Z"""
"3a661136-729b-428b-aeb8-7a13b92c3a20","3a5df063-138c-4498-bef2-6d733ca93ea2","p007","Tirzepatide 60mg","1.00","135.00","135.00","""2026-03-18T20:20:08.930Z""","""2026-03-18T20:20:08.930Z"""
"3a9a5708-d9dc-4db2-881e-4281149d5159","c67237d3-15ca-4487-b138-43c30d2e1df0","p011","Retatrutide 30mg","1.00","155.00","155.00","""2026-03-18T20:20:08.877Z""","""2026-03-18T20:20:08.877Z"""
"3ab9a605-f248-4fa3-9de1-b2b44fff3965","c0a3135e-928e-4285-8916-e1f7ed71e04b","p014","Cagrilintide 5mg","1.00","90.00","90.00","""2026-03-18T20:20:08.917Z""","""2026-03-18T20:20:08.917Z"""
"3bbe9e99-898f-4d58-834d-1b2dac3377f4","faa24791-4640-4fdf-890f-2ca649aa842f","p055","SS-31 30mg","1.00","155.00","155.00","""2026-03-22T21:38:17.899Z""","""2026-03-22T21:38:17.899Z"""
"3c3a64e9-a589-43ce-9814-09f0ff0b4537","cf6314ad-7e40-4b9a-bf6f-0d95d4db46ca","p062","Selank 10mg","0.50","55.00","27.50","""2026-03-18T20:20:09.029Z""","""2026-03-18T20:20:09.029Z"""
"3ed0e231-d63b-4c61-b010-e17c74f5dc90","b0ca116d-aaea-4b84-9ae0-8cac8ad64280","p090","PE-22-28 10mg","0.50","70.00","35.00","""2026-03-18T20:20:09.097Z""","""2026-03-18T20:20:09.097Z"""
"41f7ccb4-f711-4c8a-85b4-3bd0a48166ff","cd210e9a-ae2c-4aa5-a388-3dac1b31f7fc","p016","Mazdutide 10mg","2.00","160.00","320.00","""2026-03-22T21:38:17.871Z""","""2026-03-22T21:38:17.871Z"""
"423e314c-aec5-4f20-b532-8ca657b2e377","82e94558-12ea-4f60-b22d-ce27806f5e9a","p053","Mots-C 40mg","1.00","160.00","160.00","""2026-03-22T21:38:18.000Z""","""2026-03-22T21:38:18.000Z"""
"436d8e7e-165a-427d-8588-d79ea3642cd0","208c5098-466d-41e8-9f75-0218fbf1db3f","p073","CJC No DAC / Ipa 10/10mg","1.00","75.00","75.00","""2026-03-18T20:20:09.013Z""","""2026-03-18T20:20:09.013Z"""
"4424d51a-acb4-48ed-bab6-b89afa6158bf","dec50e04-fbbd-4839-ab19-12075add2a08","p084","KPV 10mg","1.00","60.00","60.00","""2026-03-22T21:38:17.991Z""","""2026-03-22T21:38:17.991Z"""
"4497d20f-3d7f-4745-887c-663e197147df","3f1e6f0a-d1fa-474e-a8ea-68c90fc1d9a1","p007","Tirzepatide 60mg","2.00","135.00","270.00","""2026-03-18T20:20:09.108Z""","""2026-03-18T20:20:09.108Z"""
"463af238-9730-4bad-8817-77ad8bfe2bd8","0581d320-40f1-40e7-9adb-cd05ffaabda1","p097","HCG 2000 IU GMP 3ml 10vials","2.00","70.00","140.00","""2026-03-18T20:20:09.024Z""","""2026-03-18T20:20:09.024Z"""
"46712ecb-2b07-4d81-9cd4-4fc3992ebb77","dec50e04-fbbd-4839-ab19-12075add2a08","p014","Cagrilintide 5mg","1.00","90.00","90.00","""2026-03-22T21:38:17.991Z""","""2026-03-22T21:38:17.991Z"""
"467ce838-dfaf-480d-a34f-14696d6f7d0e","0581d320-40f1-40e7-9adb-cd05ffaabda1","p024","HGH 10IU","2.00","50.00","100.00","""2026-03-18T20:20:09.024Z""","""2026-03-18T20:20:09.024Z"""
"48ebcc8e-45ec-434e-b9bf-701b0e94043c","f60f0ab9-67c4-46a7-a727-ee980a4f2afc","p010","Retatrutide 20mg","1.00","120.00","120.00","""2026-03-22T21:38:17.820Z""","""2026-03-22T21:38:17.820Z"""
"4a08f43f-5e37-4006-81a9-598417d5687f","a22f7966-b42d-4cab-81c3-c94983f0e590","p050","Tesamorelin 20mg","1.00","220.00","220.00","""2026-03-18T20:20:09.102Z""","""2026-03-18T20:20:09.102Z"""
"4a46a8d4-2a2a-47f1-b73d-dd947263cc45","c1a7a881-000f-4714-a92d-6a48371d716b","p072","BPC 10mg / TB4 10mg Blend","1.00","135.00","135.00","""2026-03-22T21:38:17.697Z""","""2026-03-22T21:38:17.697Z"""
"4db20f36-809f-4155-bca7-9834b05e03ed","b096c66d-5870-4010-9511-45e13727908c","p009","Retatrutide 10mg","1.00","95.00","95.00","""2026-03-18T20:20:08.995Z""","""2026-03-18T20:20:08.995Z"""
"4e36cbcc-8bab-4782-9f19-ef15d496c5d3","2e75ecd9-eaab-45e8-aebb-e71133d18aa2","p012","Retatrutide 40mg","2.00","165.00","330.00","""2026-03-22T21:38:17.723Z""","""2026-03-22T21:38:17.723Z"""
"4ebf4f6c-d433-4097-961b-5fcdf6a20131","7522e0b8-cf16-40ef-aff9-9b3180098433","p007","Tirzepatide 60mg","1.00","135.00","135.00","""2026-03-18T20:20:09.018Z""","""2026-03-18T20:20:09.018Z"""
"4ed6caba-3aa5-4946-ab5f-6fcb41c3551b","a70245bf-f0c7-4bac-80a4-b880b93ac7c0","p093","Slup-332 500mcg","1.00","60.00","60.00","""2026-03-22T21:38:17.671Z""","""2026-03-22T21:38:17.671Z"""
"4f9388e2-12b5-4a36-97db-e2806a58f449","dec50e04-fbbd-4839-ab19-12075add2a08","p001","Semaglutide 10mg","1.00","55.00","55.00","""2026-03-22T21:38:17.991Z""","""2026-03-22T21:38:17.991Z"""
"506127c0-9002-4a21-b240-3cc7f2e02d0d","3a5df063-138c-4498-bef2-6d733ca93ea2","p109","Cartalax 20mg","0.50","120.00","60.00","""2026-03-18T20:20:08.930Z""","""2026-03-18T20:20:08.930Z"""
"5104b0b1-7879-4988-ba7a-1a23b308ab57","305f0061-6f0e-46c2-95ef-9a2cac85d059","p041","N-Acetyl Epitalon 20mg","1.00","110.00","110.00","""2026-03-22T21:38:17.615Z""","""2026-03-22T21:38:17.615Z"""
"529a5082-8455-4339-88b6-66fa63cb744d","d25da38b-20aa-40ff-ba34-e1638b380836","p011","Retatrutide 30mg","1.00","155.00","155.00","""2026-03-18T20:20:08.989Z""","""2026-03-18T20:20:08.989Z"""
"52b41ae1-6a07-4ae5-a386-f889b287c21f","cf6314ad-7e40-4b9a-bf6f-0d95d4db46ca","p090","PE-22-28 10mg","0.50","70.00","35.00","""2026-03-18T20:20:09.029Z""","""2026-03-18T20:20:09.029Z"""
"531a7bf9-b807-4f7c-9215-ea93e83932ce","03a194ac-176f-45d5-9f81-6a28e7f17c0c","p030","BPC 157 10mg","1.00","45.00","45.00","""2026-03-18T20:20:09.035Z""","""2026-03-18T20:20:09.035Z"""
"53a2235a-6b7a-4e83-889a-976072c835c9","03a194ac-176f-45d5-9f81-6a28e7f17c0c","p052","Mots-C 20mg","0.50","95.00","47.50","""2026-03-18T20:20:09.035Z""","""2026-03-18T20:20:09.035Z"""
"54f33a09-7ec5-4d46-a143-7dff47fb04df","5a386fcc-e8d7-4e09-9d3e-618ba1bce411","p067","Oxytocin 10mg (<99)","1.00","60.00","60.00","""2026-03-22T21:38:17.776Z""","""2026-03-22T21:38:17.776Z"""
"5a08148a-e540-45fb-ba0c-810a748036fe","e5c3cec0-3ffe-46c3-a963-160b926cdaab","p019","BAC water 10ml","1.00","25.00","25.00","""2026-03-22T21:38:17.784Z""","""2026-03-22T21:38:17.784Z"""
"5a19e936-f7af-4dc0-839d-0cdbd9a283c7","f390e78f-35ca-4021-a236-a0c36532a061","p010","Retatrutide 20mg","1.00","120.00","120.00","""2026-03-18T20:20:08.948Z""","""2026-03-18T20:20:08.948Z"""
"5b0629a8-26d9-4261-bb60-5c36af647c1a","226918e3-7a48-4dd4-982d-3b2bc27c3723","p125","Humanin [Purity not Guaranteed]","1.00","155.00","155.00","""2026-03-22T21:38:17.768Z""","""2026-03-22T21:38:17.768Z"""
"5b84ecf0-7887-4cf9-bd64-1db73bf1104d","fff847e8-871c-423b-86c5-eddea6dfe217","p078","GHK-CU 100mg","1.00","51.00","51.00","""2026-03-18T20:20:08.936Z""","""2026-03-18T20:20:08.936Z"""
"5b94425e-dfae-4fc1-ad17-faaf06c6057f","03a194ac-176f-45d5-9f81-6a28e7f17c0c","p055","SS-31 30mg","0.50","155.00","77.50","""2026-03-18T20:20:09.035Z""","""2026-03-18T20:20:09.035Z"""
"5bb7699a-0684-4248-aa1e-f01c40c611b2","97714f03-36a3-47e0-ab99-52143db1645e","p078","GHK-CU 100mg","1.00","51.00","51.00","""2026-03-22T21:38:17.680Z""","""2026-03-22T21:38:17.680Z"""
"5c5f3caf-3421-4d48-9e68-ec7a5af0a8d8","8723edc0-ea34-45d6-8577-8a56879d8f70","p019","BAC water 10ml","2.00","25.00","50.00","""2026-03-22T21:38:17.927Z""","""2026-03-22T21:38:17.927Z"""
"5e1e72ff-8372-452d-a141-8cad8d472337","03a194ac-176f-45d5-9f81-6a28e7f17c0c","p024","HGH 10IU","1.00","50.00","50.00","""2026-03-18T20:20:09.035Z""","""2026-03-18T20:20:09.035Z"""
"5e5eaee3-f0bb-40f8-a1e0-2d7c2d0cc915","05edc6e3-04b1-4487-bdda-898348202bfb","p007","Tirzepatide 60mg","3.00","135.00","405.00","""2026-03-18T20:20:09.076Z""","""2026-03-18T20:20:09.076Z"""
"5e946ef4-ddd9-47ba-b774-b474723557e5","97714f03-36a3-47e0-ab99-52143db1645e","p011","Retatrutide 30mg","1.00","155.00","155.00","""2026-03-22T21:38:17.680Z""","""2026-03-22T21:38:17.680Z"""
"5f122784-8063-4c28-9289-71e456de6b3a","d8019787-3bff-43b9-a30d-7bf2823a7668","p012","Retatrutide 40mg","1.00","165.00","165.00","""2026-03-22T21:38:17.652Z""","""2026-03-22T21:38:17.652Z"""
"60574704-9952-4953-9392-fbc42060c7b3","e5c3cec0-3ffe-46c3-a963-160b926cdaab","p067","Oxytocin 10mg (<99)","1.00","60.00","60.00","""2026-03-22T21:38:17.784Z""","""2026-03-22T21:38:17.784Z"""
"628dda80-8d5d-4139-8a4d-99dff444eb6c","add02bdd-39c3-4394-990a-a640901606aa","p052","Mots-C 20mg","1.00","95.00","95.00","""2026-03-22T21:38:17.633Z""","""2026-03-22T21:38:17.633Z"""
"62dc0615-4fb9-4ef1-8e32-d224188e34e3","21741634-0920-4730-8e10-8aa0e87aecf4","p042","Melanotan II 10mg","1.00","40.00","40.00","""2026-03-22T21:38:17.828Z""","""2026-03-22T21:38:17.828Z"""
"630a2eb6-9612-4bb2-beae-8e33255414e2","fb87ced5-8e31-4eaf-a3cd-64cba23b3188","p087","KPV & GHK-CU Blend","1.00","110.00","110.00","""2026-03-18T20:20:08.924Z""","""2026-03-18T20:20:08.924Z"""
"64376a32-9c8d-4b92-b113-17b6e1c5ed70","8723edc0-ea34-45d6-8577-8a56879d8f70","p073","CJC No DAC / Ipa 5/5mg","1.00","75.00","75.00","""2026-03-22T21:38:17.927Z""","""2026-03-22T21:38:17.927Z"""
"6541fc38-5675-4b95-842a-ffe3cc545d18","af9e5b89-b039-4746-93be-5e2c9cf2dddd","p053","Mots-C 40mg","1.00","160.00","160.00","""2026-03-18T20:20:09.007Z""","""2026-03-18T20:20:09.007Z"""
"657dc5f9-c5af-4789-9d18-73dbc9db1c01","61b3ad0f-4812-46c3-a790-bad3838a27fb","p039","Epitalon 10mg","1.00","45.00","45.00","""2026-03-22T21:38:17.802Z""","""2026-03-22T21:38:17.802Z"""
"66416df4-29eb-46c7-9139-77823f7c90ca","e4072f01-9d20-4626-82fb-42429db2411d","p077","AHK-CU 100mg","1.00","60.00","60.00","""2026-03-22T21:38:17.604Z""","""2026-03-22T21:38:17.604Z"""
"674dca79-b63c-45f8-81e1-4c255a25c686","c67237d3-15ca-4487-b138-43c30d2e1df0","p061","Semax 10mg","1.00","55.00","55.00","""2026-03-18T20:20:08.877Z""","""2026-03-18T20:20:08.877Z"""
"67f8b93d-87f1-4c9d-80d5-386c42a0ab5c","9fdd1337-ca50-43af-b20b-a4f95f556ba4","p014","Cagrilintide 5mg","0.50","90.00","45.00","""2026-03-22T21:38:17.748Z""","""2026-03-22T21:38:17.748Z"""
"68f99ced-a8d1-402b-926a-5288e929a8ff","d25da38b-20aa-40ff-ba34-e1638b380836","p010","Retatrutide 20mg","4.00","120.00","480.00","""2026-03-18T20:20:08.989Z""","""2026-03-18T20:20:08.989Z"""
"69665197-fc4c-412b-89fc-42eca26a3907","c67237d3-15ca-4487-b138-43c30d2e1df0","p102","Cerebrolysin 30mg GMP 10ml 10vials","1.00","45.00","45.00","""2026-03-18T20:20:08.877Z""","""2026-03-18T20:20:08.877Z"""
"6a27e2ba-a5d9-4132-86a7-528b7d581ad5","db0cf4c0-03ac-431c-8b42-3e93952b979f","p078","GHK-CU 100mg","1.00","51.00","51.00","""2026-03-22T21:38:17.643Z""","""2026-03-22T21:38:17.643Z"""
"6e27ed2f-9a48-4926-8e07-d63d3387c100","e00b0557-6024-42ab-826c-31d5da1e3674","p019","BAC water 10ml","1.00","25.00","25.00","""2026-03-18T20:20:09.091Z""","""2026-03-18T20:20:09.091Z"""
"6e7450b6-67ff-4a32-a7c5-e3845010cb38","5964c2fe-e0b6-4cbd-880d-0c99155f8cd1","p026","5-Amino-1MQ 50mg","1.00","75.00","75.00","""2026-03-22T21:38:17.947Z""","""2026-03-22T21:38:17.947Z"""
"6fd37317-ab6c-4604-97fa-86cf95859570","29c0d72b-ba50-4604-8779-830d982a6c65","p077","AHK-CU 100mg","1.00","60.00","60.00","""2026-03-22T21:38:17.755Z""","""2026-03-22T21:38:17.755Z"""
"7090b73e-849e-44de-a076-4f4c85ac0385","8723edc0-ea34-45d6-8577-8a56879d8f70","p077","AHK-CU 100mg","1.00","60.00","60.00","""2026-03-22T21:38:17.927Z""","""2026-03-22T21:38:17.927Z"""
"70dfb4c6-9266-43ea-b5d0-0f245bec62f7","af9e5b89-b039-4746-93be-5e2c9cf2dddd","p110","Cortagen 20mg","0.50","120.00","60.00","""2026-03-18T20:20:09.007Z""","""2026-03-18T20:20:09.007Z"""
"7137d552-3e5d-4ea5-b025-332c83b6c346","61b3ad0f-4812-46c3-a790-bad3838a27fb","p011","Retatrutide 30mg","1.00","155.00","155.00","""2026-03-22T21:38:17.802Z""","""2026-03-22T21:38:17.802Z"""
"71c148d1-375a-45d9-943b-77abe1b67b6d","b096c66d-5870-4010-9511-45e13727908c","p071","BPC 5mg / TB4 5mg Blend","1.00","80.00","80.00","""2026-03-18T20:20:08.995Z""","""2026-03-18T20:20:08.995Z"""
"721dd180-da29-4ec0-84cb-97e72de84b7c","c310cffd-47c0-4225-ade9-62923897b77f","p102","Cerebrolysin 30mg GMP 10ml 10vials","1.00","45.00","45.00","""2026-03-18T20:20:08.899Z""","""2026-03-18T20:20:08.899Z"""
"7266dd23-e3dd-4efe-9a5b-1d9bb635e6d0","fdf31f08-a46c-49e0-bd57-a8696357373d","p123","BPC 157 500mcg Tablets","1.00","55.00","55.00","""2026-03-22T21:38:17.689Z""","""2026-03-22T21:38:17.689Z"""
"72cec78b-bdc2-4386-a2f9-1aa14c505864","c67237d3-15ca-4487-b138-43c30d2e1df0","p026","5-Amino-1MQ 50mg","1.00","75.00","75.00","""2026-03-18T20:20:08.877Z""","""2026-03-18T20:20:08.877Z"""
"733529d4-2c93-4934-a04d-66a52638ab57","ccf883b7-46c3-4e86-bd57-742e87b0bb77","p071","BPC 5mg / TB4 5mg Blend","1.00","80.00","80.00","""2026-03-22T21:38:17.811Z""","""2026-03-22T21:38:17.811Z"""
"749237e3-0766-423b-8ce1-4198c5043042","3bd9eefd-7e2a-4e5c-9b4e-b1cff3038cf4","p042","Melanotan II 10mg","1.00","40.00","40.00","""2026-03-18T20:20:08.891Z""","""2026-03-18T20:20:08.891Z"""
"74af5e3b-a5fb-4ecd-a0e4-3f225e277514","d9eff3e7-6d9b-4aac-a009-c49b0299b99c","p039","Epitalon 10mg","1.00","45.00","45.00","""2026-03-18T20:20:08.911Z""","""2026-03-18T20:20:08.911Z"""
"758a17cb-1138-41fa-ab67-df75f1cf6079","d9eff3e7-6d9b-4aac-a009-c49b0299b99c","p007","Tirzepatide 60mg","0.50","135.00","67.50","""2026-03-18T20:20:08.911Z""","""2026-03-18T20:20:08.911Z"""
"783246d1-b22a-4d1c-af27-df4def21790e","ece1625b-f1c1-48fc-827c-9a5978560ac7","p090","PE-22-28 10mg","0.50","70.00","35.00","""2026-03-18T20:20:09.113Z""","""2026-03-18T20:20:09.113Z"""
"7874567d-3ad3-4828-b92d-f1f70c925579","af9e5b89-b039-4746-93be-5e2c9cf2dddd","p026","5-Amino-1MQ 50mg","1.00","75.00","75.00","""2026-03-18T20:20:09.007Z""","""2026-03-18T20:20:09.007Z"""
"79648779-7716-4bfb-b499-efcabc51aacb","d57ce9c2-8cec-4136-bb34-f7aedd62cb49","p013","Retatrutide 50mg","2.00","205.00","410.00","""2026-03-22T21:38:17.845Z""","""2026-03-22T21:38:17.845Z"""
"7a3255ad-66ac-4d15-bdac-58128c50201e","a22f7966-b42d-4cab-81c3-c94983f0e590","p089","KLOW (TB10+BPC10+KPV10+GHK50)","1.00","160.00","160.00","""2026-03-18T20:20:09.102Z""","""2026-03-18T20:20:09.102Z"""
"7c2276ce-9007-48e7-b52c-b7dc7739a371","c67237d3-15ca-4487-b138-43c30d2e1df0","p004","Tirzepatide 20mg","1.00","85.00","85.00","""2026-03-18T20:20:08.877Z""","""2026-03-18T20:20:08.877Z"""
"7c4bf8e0-da61-447c-b605-33963e3e2840","17b2c399-9bba-4740-8b1e-751b5baaa252","p079","GHK-CU 50mg","1.00","40.00","40.00","""2026-03-18T20:20:08.942Z""","""2026-03-18T20:20:08.942Z"""
"7ca91370-32f9-42cb-b6d9-26b9619e4ad6","fdf31f08-a46c-49e0-bd57-a8696357373d","p056","SS-31 50mg","1.00","230.00","230.00","""2026-03-22T21:38:17.689Z""","""2026-03-22T21:38:17.689Z"""
"7d641530-0275-4aef-983f-3dd95dfa3cba","f68aa4a8-ff01-405f-bcc0-963f4e8de0c7","p078","GHK-CU 100mg","1.00","51.00","51.00","""2026-03-18T20:20:08.883Z""","""2026-03-18T20:20:08.883Z"""
"7fa8f370-53df-430e-a311-470d086b4e01","8fee86d5-5f56-462a-bc6f-354c2bcdc90e","p032","TB500 (TB4) 10mg","1.00","85.00","85.00","""2026-03-18T20:20:08.973Z""","""2026-03-18T20:20:08.973Z"""
"82a94c11-ed9d-4328-8707-9f5060d6bd36","27f60946-a7b7-4925-ba58-5dd11eeed729","p007","Tirzepatide 60mg","1.00","135.00","135.00","""2026-03-22T21:38:17.908Z""","""2026-03-22T21:38:17.908Z"""
"83a59f90-6e8f-4995-8f73-a0be556b639b","afb0cd40-6e8d-40be-9667-7fd66501eeab","p091","Ara-290 16mg","1.00","60.00","60.00","""2026-03-22T21:38:17.917Z""","""2026-03-22T21:38:17.917Z"""
"83fd7430-6b9a-4d94-bccc-946d42af0d7a","af9e5b89-b039-4746-93be-5e2c9cf2dddd","p031","BPC 157 40mg","1.00","160.00","160.00","""2026-03-18T20:20:09.007Z""","""2026-03-18T20:20:09.007Z"""
"8466aa30-c4f3-486a-a056-b6e6d706172a","b78aec11-7f54-4c54-8743-bc935ac61bdb","p024","HGH 10IU","1.00","50.00","50.00","""2026-03-22T21:38:17.981Z""","""2026-03-22T21:38:17.981Z"""
"846d0b3d-25d7-4649-bdb1-fc6cab78802d","f5fb9f44-af87-40fc-b265-b91138f1f172","p052","Mots-C 20mg","0.50","95.00","47.50","""2026-03-18T20:20:09.040Z""","""2026-03-18T20:20:09.040Z"""
"85157133-dc6e-40ce-8d3b-8922af79ee9c","8fee86d5-5f56-462a-bc6f-354c2bcdc90e","p049","Tesamorelin 10mg","1.00","125.00","125.00","""2026-03-18T20:20:08.973Z""","""2026-03-18T20:20:08.973Z"""
"86a11a50-3905-4fe5-b508-3f00d121de45","e4072f01-9d20-4626-82fb-42429db2411d","p007","Tirzepatide 60mg","2.00","135.00","270.00","""2026-03-22T21:38:17.604Z""","""2026-03-22T21:38:17.604Z"""
"8794f10c-cc32-4355-a27b-cba979ac0331","dcd55374-4d4d-408b-bfa7-c8ff635cb8fd","p052","Mots-C 20mg","1.00","95.00","95.00","""2026-03-22T21:38:17.761Z""","""2026-03-22T21:38:17.761Z"""
"88ebb81a-563b-4690-8966-8a784604a536","03a194ac-176f-45d5-9f81-6a28e7f17c0c","p049","Tesamorelin 10mg","1.00","125.00","125.00","""2026-03-18T20:20:09.035Z""","""2026-03-18T20:20:09.035Z"""
"899fdd00-a714-4cd7-86b3-11c057f323d9","8723edc0-ea34-45d6-8577-8a56879d8f70","p009","Retatrutide 10mg","2.00","95.00","190.00","""2026-03-22T21:38:17.927Z""","""2026-03-22T21:38:17.927Z"""
"8b97a12b-3635-4e23-bd3d-60e2767fd1be","c1a7a881-000f-4714-a92d-6a48371d716b","p011","Retatrutide 30mg","2.00","155.00","310.00","""2026-03-22T21:38:17.697Z""","""2026-03-22T21:38:17.697Z"""
"8bc8ee9f-0dde-4345-977d-fc441db95371","cf6314ad-7e40-4b9a-bf6f-0d95d4db46ca","p019","BAC water 10ml","2.00","25.00","50.00","""2026-03-18T20:20:09.029Z""","""2026-03-18T20:20:09.029Z"""
"8cf64259-631a-473e-93a5-e71e30d95d3c","af9e5b89-b039-4746-93be-5e2c9cf2dddd","p123","BPC 157 500mcg Tablets","1.00","55.00","55.00","""2026-03-18T20:20:09.007Z""","""2026-03-18T20:20:09.007Z"""
"8eb0bc54-5eb5-4492-8a5f-af7f40603509","8fee86d5-5f56-462a-bc6f-354c2bcdc90e","p011","Retatrutide 30mg","3.00","155.00","465.00","""2026-03-18T20:20:08.973Z""","""2026-03-18T20:20:08.973Z"""
"91322c6e-dcd9-4fdd-97f9-97f1c110bd83","f4a44f65-24d5-4598-840b-3df74afeea97","p061","Semax 10mg","1.00","55.00","55.00","""2026-03-22T21:38:17.624Z""","""2026-03-22T21:38:17.624Z"""
"918c05a8-6fb0-4b25-aae6-3c3873e5c67a","17b2c399-9bba-4740-8b1e-751b5baaa252","p089","KLOW (TB10+BPC10+KPV10+GHK50)","0.50","160.00","80.00","""2026-03-18T20:20:08.942Z""","""2026-03-18T20:20:08.942Z"""
"9211617a-5486-4c82-bf3b-5744271daf76","caceb2a2-950e-48e8-a2b8-2e187006036a","p007","Tirzepatide 60mg","1.00","135.00","135.00","""2026-03-22T21:38:17.956Z""","""2026-03-22T21:38:17.956Z"""
"93266f18-1688-4af2-8523-8cd6a1de4439","fb87ced5-8e31-4eaf-a3cd-64cba23b3188","p012","Retatrutide 40mg","2.00","165.00","330.00","""2026-03-18T20:20:08.924Z""","""2026-03-18T20:20:08.924Z"""
"93a29017-8ee4-4e0e-ac96-443dff1326af","83a3d960-ba23-47a3-883c-ed6883ab9d27","p012","Retatrutide 40mg","2.00","165.00","330.00","""2026-03-18T20:20:09.071Z""","""2026-03-18T20:20:09.071Z"""
"944c6819-dd48-4390-a859-9cd87f2a848d","3b7280a7-b855-489a-b9d1-b2f03e5f3d0b","p051","Mots-C 10mg","1.00","55.00","55.00","""2026-03-18T20:20:09.051Z""","""2026-03-18T20:20:09.051Z"""
"94534737-bea5-488f-a197-4350cd8afec4","faa24791-4640-4fdf-890f-2ca649aa842f","p052","Mots-C 20mg","0.50","95.00","47.50","""2026-03-22T21:38:17.899Z""","""2026-03-22T21:38:17.899Z"""
"94d844e8-d6ac-44f5-be03-f7877ed4a064","8fee86d5-5f56-462a-bc6f-354c2bcdc90e","p078","GHK-CU 100mg","1.00","51.00","51.00","""2026-03-18T20:20:08.973Z""","""2026-03-18T20:20:08.973Z"""
"954155c8-bd14-4ba7-b09c-9f42adb932b3","208c5098-466d-41e8-9f75-0218fbf1db3f","p026","5-Amino-1MQ 50mg","5.00","75.00","375.00","""2026-03-18T20:20:09.013Z""","""2026-03-18T20:20:09.013Z"""
"955e7ade-bd21-4656-80a2-720f39f892c1","3bd9eefd-7e2a-4e5c-9b4e-b1cff3038cf4","p079","GHK-CU 50mg","1.00","40.00","40.00","""2026-03-18T20:20:08.891Z""","""2026-03-18T20:20:08.891Z"""
"9631a83d-b622-48db-a547-534f19dae2f7","f26795ea-efe8-45fb-9cee-f80d3c69f704","p005","Tirzepatide 30mg","1.00","90.00","90.00","""2026-03-20T11:43:18.240Z""","""2026-03-20T11:43:18.240Z"""
"97716fce-ab80-44d4-8f25-ace37563d3d6","21741634-0920-4730-8e10-8aa0e87aecf4","p061","Semax 10mg","1.00","55.00","55.00","""2026-03-22T21:38:17.828Z""","""2026-03-22T21:38:17.828Z"""
"97d57a13-dcf5-4a55-b17e-fcfd6e9daac5","c0a3135e-928e-4285-8916-e1f7ed71e04b","p072","BPC 10mg / TB4 10mg Blend","1.00","135.00","135.00","""2026-03-18T20:20:08.917Z""","""2026-03-18T20:20:08.917Z"""
"98370a35-1c46-49b3-9894-19568fcd1adc","e5c3cec0-3ffe-46c3-a963-160b926cdaab","p014","Cagrilintide 5mg","1.00","90.00","90.00","""2026-03-22T21:38:17.784Z""","""2026-03-22T21:38:17.784Z"""
"99a5127e-4a3d-46f6-8b06-5ffdea3e0dfd","d57ce9c2-8cec-4136-bb34-f7aedd62cb49","p019","BAC water 10ml","1.00","25.00","25.00","""2026-03-22T21:38:17.845Z""","""2026-03-22T21:38:17.845Z"""
"9cbe4475-c289-4d7c-86ba-7d089f47d9f8","b09497dc-4ba4-4bd3-b8c8-d0f3dfb4804f","p030","BPC 157 10mg","0.50","45.00","22.50","""2026-03-22T21:38:17.739Z""","""2026-03-22T21:38:17.739Z"""
"9e403f54-0e8a-4303-95a1-8766629c8c46","83a3d960-ba23-47a3-883c-ed6883ab9d27","p042","Melanotan II 10mg","1.00","40.00","40.00","""2026-03-18T20:20:09.071Z""","""2026-03-18T20:20:09.071Z"""
"9fa4b0e6-9fa1-40bf-866c-56dcaa99e5f1","73206461-2654-496b-a08b-e6906e1d4172","p067","Oxytocin 10mg (<99)","1.00","60.00","60.00","""2026-03-22T21:38:17.965Z""","""2026-03-22T21:38:17.965Z"""
"a06e6e21-a11d-4877-8796-8e0978106115","5964c2fe-e0b6-4cbd-880d-0c99155f8cd1","p052","Mots-C 20mg","0.50","95.00","47.50","""2026-03-22T21:38:17.947Z""","""2026-03-22T21:38:17.947Z"""
"a2940f8c-aa51-4b05-befe-a6e8bbccd181","3b7280a7-b855-489a-b9d1-b2f03e5f3d0b","p109","Cartalax 20mg","1.00","120.00","120.00","""2026-03-18T20:20:09.051Z""","""2026-03-18T20:20:09.051Z"""
"a4ec4060-66cd-4b3c-9e70-d6f481d032fb","3bd9eefd-7e2a-4e5c-9b4e-b1cff3038cf4","p049","Tesamorelin 10mg","1.00","125.00","125.00","""2026-03-18T20:20:08.891Z""","""2026-03-18T20:20:08.891Z"""
"a509cc59-36d7-40bb-b42c-615eaf034766","17b2c399-9bba-4740-8b1e-751b5baaa252","p006","Tirzepatide 45mg","1.00","115.00","115.00","""2026-03-18T20:20:08.942Z""","""2026-03-18T20:20:08.942Z"""
"a6f8bdc5-ba4f-48d1-8766-97c02a94aa2c","d25da38b-20aa-40ff-ba34-e1638b380836","p014","Cagrilintide 5mg","0.50","90.00","45.00","""2026-03-18T20:20:08.989Z""","""2026-03-18T20:20:08.989Z"""
"a740801c-637c-42a3-abee-3bd400b2bedd","7c889b8d-fad8-4149-bbba-ed674010df4f","p053","Mots-C 40mg","1.00","160.00","160.00","""2026-03-22T21:38:17.731Z""","""2026-03-22T21:38:17.731Z"""
"a7db29e4-90d7-49ec-96f7-7d055e648f9b","8fee86d5-5f56-462a-bc6f-354c2bcdc90e","p053","Mots-C 40mg","1.00","160.00","160.00","""2026-03-18T20:20:08.973Z""","""2026-03-18T20:20:08.973Z"""
"a91f7909-ef84-4699-8ed2-753709de49fc","8fee86d5-5f56-462a-bc6f-354c2bcdc90e","p067","Oxytocin 10mg (<99)","1.00","60.00","60.00","""2026-03-18T20:20:08.973Z""","""2026-03-18T20:20:08.973Z"""
"a9a650e4-058f-44e0-b639-6b833476eea5","b3a84822-5580-47c7-bfe0-7b61f1908c05","","Tirzepatide 15mg","1.00","80.00","80.00","""2026-03-19T17:01:58.219Z""","""2026-03-19T17:01:58.219Z"""
"ab491094-83de-4a96-9719-af0dc7d0f85e","4321edd8-645d-4105-bb74-17e5cf14ed76","p064","Na Selank","0.50","70.00","35.00","""2026-03-22T21:38:17.936Z""","""2026-03-22T21:38:17.936Z"""
"ac5d17ba-9d56-4406-b6f5-5ecc4b55543b","b09497dc-4ba4-4bd3-b8c8-d0f3dfb4804f","p010","Retatrutide 20mg","5.00","120.00","600.00","""2026-03-22T21:38:17.739Z""","""2026-03-22T21:38:17.739Z"""
"ad34fb96-f3d2-4f5b-ac75-26c244456759","592339ba-f816-436f-91f4-6f628de8387b","p014","Cagrilintide 5mg","0.50","90.00","45.00","""2026-03-22T21:38:17.793Z""","""2026-03-22T21:38:17.793Z"""
"ad3c53c6-dad3-4722-8bb2-9c0ade59309f","b096c66d-5870-4010-9511-45e13727908c","p019","BAC water 10ml","3.00","25.00","75.00","""2026-03-18T20:20:08.995Z""","""2026-03-18T20:20:08.995Z"""
"ae9a0b32-7b03-4d6b-8bb4-8dd0af82a0bd","b3a84822-5580-47c7-bfe0-7b61f1908c05","","Tirzepatide 20mg","0.50","85.00","42.50","""2026-03-19T17:01:58.219Z""","""2026-03-19T17:01:58.219Z"""
"aea5f092-9d05-4ffc-9779-ff4a681b05d2","55687d24-fedd-472c-b79a-43751feaf336","p052","Mots-C 20mg","1.00","95.00","95.00","""2026-03-22T21:38:17.837Z""","""2026-03-22T21:38:17.837Z"""
"b4255409-1d42-4788-9cbb-3c05aefd1eeb","c1a7a881-000f-4714-a92d-6a48371d716b","p014","Cagrilintide 5mg","1.00","90.00","90.00","""2026-03-22T21:38:17.697Z""","""2026-03-22T21:38:17.697Z"""
"b642a24b-d345-4c81-96d3-2db6fbea8daa","88fe92c7-7550-4c4d-a8e2-5f9f3b3d6b1c","p024","HGH 10IU","1.00","50.00","50.00","""2026-03-22T21:38:17.706Z""","""2026-03-22T21:38:17.706Z"""
"b6bfb637-30bb-4e5b-b7c6-2daaa13c9699","f68aa4a8-ff01-405f-bcc0-963f4e8de0c7","p109","Cartalax 20mg","1.50","120.00","180.00","""2026-03-18T20:20:08.883Z""","""2026-03-18T20:20:08.883Z"""
"b7a0f4e0-4502-4f2c-a936-b03b820ee04e","d25da38b-20aa-40ff-ba34-e1638b380836","p021","BAC water 3ml","3.00","15.00","45.00","""2026-03-18T20:20:08.989Z""","""2026-03-18T20:20:08.989Z"""
"b87241c2-7953-47fc-8beb-146c75203367","cf6314ad-7e40-4b9a-bf6f-0d95d4db46ca","p008","Tirzepatide 100mg","1.00","220.00","220.00","""2026-03-18T20:20:09.029Z""","""2026-03-18T20:20:09.029Z"""
"b9dba182-bcaf-4972-93c2-fd89d849cec8","7982979f-568f-4555-b3d8-6d7e3b4f8327","p042","Melanotan II 10mg","1.00","40.00","40.00","""2026-03-22T21:38:17.891Z""","""2026-03-22T21:38:17.891Z"""
"baa6a89c-27b8-4e23-b567-f7f31eedff79","b09497dc-4ba4-4bd3-b8c8-d0f3dfb4804f","p006","Tirzepatide 45mg","1.00","115.00","115.00","""2026-03-22T21:38:17.739Z""","""2026-03-22T21:38:17.739Z"""
"bc2a2194-3b7d-434c-b51e-2ed1fcad3daa","d57ce9c2-8cec-4136-bb34-f7aedd62cb49","p009","Retatrutide 10mg","1.00","95.00","95.00","""2026-03-22T21:38:17.845Z""","""2026-03-22T21:38:17.845Z"""
"be20d12e-fe15-4128-947b-c47e7c471cac","d8019787-3bff-43b9-a30d-7bf2823a7668","p001","Semaglutide 10mg","1.00","55.00","55.00","""2026-03-22T21:38:17.652Z""","""2026-03-22T21:38:17.652Z"""
"beb3c6c0-6245-44d0-b08a-23cff4570abb","a70245bf-f0c7-4bac-80a4-b880b93ac7c0","p026","5-Amino-1MQ 50mg","1.00","75.00","75.00","""2026-03-22T21:38:17.671Z""","""2026-03-22T21:38:17.671Z"""
"befb8340-265b-4cc0-bdf7-4608633e239d","c675f7ec-5f9d-436a-afbd-fff7a1d4621a","p076","Tesa 10mg / Ipa 3mg Blend","1.00","165.00","165.00","""2026-03-18T20:20:08.965Z""","""2026-03-18T20:20:08.965Z"""
"c11a01e6-ffbf-4cc4-ba22-3c773505cb1c","c67237d3-15ca-4487-b138-43c30d2e1df0","p019","BAC water 10ml","1.00","25.00","25.00","""2026-03-18T20:20:08.877Z""","""2026-03-18T20:20:08.877Z"""
"c1e79b72-98da-4456-9164-f4ba88e9f833","caceb2a2-950e-48e8-a2b8-2e187006036a","p007","Tirzepatide 60mg","1.00","135.00","135.00","""2026-03-22T21:38:17.956Z""","""2026-03-22T21:38:17.956Z"""
"c1f91a21-76ed-4bdb-8f50-64408cee2c10","1b975899-08c0-439c-b0bb-b65f0092d0aa","p062","Selank 10mg","1.00","55.00","55.00","""2026-03-18T20:20:08.954Z""","""2026-03-18T20:20:08.954Z"""
"c30c292b-83ea-4581-825f-61b0978ad4be","d8019787-3bff-43b9-a30d-7bf2823a7668","p088","GLOW (TB4 10mg + BPC 10mg + GHK 50mg)","1.00","135.00","135.00","""2026-03-22T21:38:17.652Z""","""2026-03-22T21:38:17.652Z"""
"c40aebe8-ed53-414e-898b-cd640ca07f08","21741634-0920-4730-8e10-8aa0e87aecf4","p064","Na Selank","1.00","70.00","70.00","""2026-03-22T21:38:17.828Z""","""2026-03-22T21:38:17.828Z"""
"c4b7bd2e-a796-4754-beb8-dbf38afe4a7e","f5fb9f44-af87-40fc-b265-b91138f1f172","p055","SS-31 30mg","0.50","155.00","77.50","""2026-03-18T20:20:09.040Z""","""2026-03-18T20:20:09.040Z"""
"c55b6727-95dd-4d29-a2fe-b90f74fc3a4a","af9e5b89-b039-4746-93be-5e2c9cf2dddd","p055","SS-31 30mg","1.00","155.00","155.00","""2026-03-18T20:20:09.007Z""","""2026-03-18T20:20:09.007Z"""
"c65644f8-2054-40d0-872e-d92cc7d8fbf7","1b975899-08c0-439c-b0bb-b65f0092d0aa","p090","PE-22-28 10mg","1.00","70.00","70.00","""2026-03-18T20:20:08.954Z""","""2026-03-18T20:20:08.954Z"""
"c74a1076-84f6-41f3-8625-5105daff5647","bfd2166a-c2df-46bd-a127-570af936afc7","p046","Tesa / IPA / CJC No DAC 6/3/3mg","2.00","130.00","260.00","""2026-03-18T20:20:08.983Z""","""2026-03-18T20:20:08.983Z"""
"c79b6d39-d5fb-4951-93db-0e34905666db","d8019787-3bff-43b9-a30d-7bf2823a7668","p123","BPC 157 500mcg Tablets","1.00","55.00","55.00","""2026-03-22T21:38:17.652Z""","""2026-03-22T21:38:17.652Z"""
"c8bbe163-ef54-4809-a2e1-b9bc5545d318","7982979f-568f-4555-b3d8-6d7e3b4f8327","p024","HGH 10IU","2.00","50.00","100.00","""2026-03-22T21:38:17.891Z""","""2026-03-22T21:38:17.891Z"""
"c8f16c61-a674-4fc4-ad8f-35d777098e08","15b18334-3f30-42c6-a212-cdd54f32cef2","p031","BPC 157 40mg","1.00","160.00","160.00","""2026-03-22T21:38:17.590Z""","""2026-03-22T21:38:17.590Z"""
"c9c8bda6-1c62-4c02-8057-8493876413e9","d25da38b-20aa-40ff-ba34-e1638b380836","p089","KLOW (TB10+BPC10+KPV10+GHK50)","0.50","160.00","80.00","""2026-03-18T20:20:08.989Z""","""2026-03-18T20:20:08.989Z"""
"cb49c20c-8ee3-47a1-a18b-ae33890bbdfe","e4072f01-9d20-4626-82fb-42429db2411d","p012","Retatrutide 40mg","2.00","165.00","330.00","""2026-03-22T21:38:17.604Z""","""2026-03-22T21:38:17.604Z"""
"cc5764ba-2853-46fa-92c6-08840ad35ca6","faa24791-4640-4fdf-890f-2ca649aa842f","p119","GHK-CU 10g Raw","1.00","85.00","85.00","""2026-03-22T21:38:17.899Z""","""2026-03-22T21:38:17.899Z"""
"cc875248-3c48-420e-ac31-2f53957d2e0a","d25da38b-20aa-40ff-ba34-e1638b380836","p085","KPV 30mg","0.50","145.00","72.50","""2026-03-18T20:20:08.989Z""","""2026-03-18T20:20:08.989Z"""
"cca81727-746f-4950-857a-d01ad161f3f2","4321edd8-645d-4105-bb74-17e5cf14ed76","p030","BPC 157 10mg","0.50","45.00","22.50","""2026-03-22T21:38:17.936Z""","""2026-03-22T21:38:17.936Z"""
"cced0fcd-2033-41ad-a317-6d7e0371f3ec","9fdd1337-ca50-43af-b20b-a4f95f556ba4","p119","GHK-CU 10g Raw","1.00","85.00","85.00","""2026-03-22T21:38:17.748Z""","""2026-03-22T21:38:17.748Z"""
"cd0ef09c-061e-4ef9-9987-b2c8299e6506","5964c2fe-e0b6-4cbd-880d-0c99155f8cd1","p064","Na Selank","0.50","70.00","35.00","""2026-03-22T21:38:17.947Z""","""2026-03-22T21:38:17.947Z"""
"cfda829d-bc71-40f7-87b3-36ccbd1a20cd","c67237d3-15ca-4487-b138-43c30d2e1df0","p054","SS-31 10mg","1.00","75.00","75.00","""2026-03-18T20:20:08.877Z""","""2026-03-18T20:20:08.877Z"""
"d02a777a-4328-40f8-a92b-a5959b2dcf85","afb0cd40-6e8d-40be-9667-7fd66501eeab","p026","5-Amino-1MQ 50mg","1.00","75.00","75.00","""2026-03-22T21:38:17.917Z""","""2026-03-22T21:38:17.917Z"""
"d0e1abbb-95bd-415e-aecb-909d68373174","17b2c399-9bba-4740-8b1e-751b5baaa252","p010","Retatrutide 20mg","3.00","120.00","360.00","""2026-03-18T20:20:08.942Z""","""2026-03-18T20:20:08.942Z"""
"d13af505-5bcb-4c5f-be20-f303daeb3af1","7c889b8d-fad8-4149-bbba-ed674010df4f","p080","NAD+ 500mg Buffer pH6-6.5","1.00","95.00","95.00","""2026-03-22T21:38:17.731Z""","""2026-03-22T21:38:17.731Z"""
"d14330d4-ac41-44b4-9b8f-be7a2291c61f","0a04f7fb-b229-4100-bed6-cdf181eeafc1","p067","Oxytocin 10mg (<99)","1.00","60.00","60.00","""2026-03-22T21:38:17.862Z""","""2026-03-22T21:38:17.862Z"""
"d16aa82d-4929-4c7f-9902-2d0036735250","c67237d3-15ca-4487-b138-43c30d2e1df0","p068","Snap-8 10mg","1.00","40.00","40.00","""2026-03-18T20:20:08.877Z""","""2026-03-18T20:20:08.877Z"""
"d18053b9-21f8-4683-b213-d65d8b44f141","c0a3135e-928e-4285-8916-e1f7ed71e04b","p126","Orforglipron 12mg","1.00","130.00","130.00","""2026-03-18T20:20:08.917Z""","""2026-03-18T20:20:08.917Z"""
"d1bf6c01-2377-4218-a502-b6034fbd998e","61b3ad0f-4812-46c3-a790-bad3838a27fb","p058","Thymosin Alpha-1 10mg","1.00","125.00","125.00","""2026-03-22T21:38:17.802Z""","""2026-03-22T21:38:17.802Z"""
"d1d90f08-f521-4028-a09e-c163006263c6","e00b0557-6024-42ab-826c-31d5da1e3674","p024","HGH 10IU","1.00","50.00","50.00","""2026-03-18T20:20:09.091Z""","""2026-03-18T20:20:09.091Z"""
"d1e6115c-37e1-4402-b090-6887f2bffc8c","3b7280a7-b855-489a-b9d1-b2f03e5f3d0b","p030","BPC 157 10mg","1.00","45.00","45.00","""2026-03-18T20:20:09.051Z""","""2026-03-18T20:20:09.051Z"""
"d1ee2543-b10f-4533-a269-b35ae42e070c","9ece120d-7dbc-4009-ae0c-658d3d58b3d5","p078","GHK-CU 100mg","1.00","51.00","51.00","""2026-03-18T20:20:09.057Z""","""2026-03-18T20:20:09.057Z"""
"d250f872-21ae-4a0a-aac3-f6e1fecfd59d","3bd9eefd-7e2a-4e5c-9b4e-b1cff3038cf4","p036","Fragment 176-191 5mg","1.00","75.00","75.00","""2026-03-18T20:20:08.891Z""","""2026-03-18T20:20:08.891Z"""
"d32ef927-053a-42d9-a837-ddeda278fac9","83a3d960-ba23-47a3-883c-ed6883ab9d27","p078","GHK-CU 100mg","1.00","51.00","51.00","""2026-03-18T20:20:09.071Z""","""2026-03-18T20:20:09.071Z"""
"d593b9fd-ed89-45a3-a109-94859b7326c0","afb0cd40-6e8d-40be-9667-7fd66501eeab","p081","TB500 Frag 10mg","1.00","70.00","70.00","""2026-03-22T21:38:17.917Z""","""2026-03-22T21:38:17.917Z"""
"d7d7dab0-4b64-426d-a680-cb5126632fa3","8723edc0-ea34-45d6-8577-8a56879d8f70","p005","Tirzepatide 30mg","1.00","90.00","90.00","""2026-03-22T21:38:17.927Z""","""2026-03-22T21:38:17.927Z"""
"d81e5e73-4c39-4782-9ca6-a395cc516d30","7522e0b8-cf16-40ef-aff9-9b3180098433","p019","BAC water 10ml","1.00","25.00","25.00","""2026-03-18T20:20:09.018Z""","""2026-03-18T20:20:09.018Z"""
"da05a714-7aa6-4f48-b89f-ea95000bbb5f","a434d697-4ad9-481d-8b13-74d343cd9590","p078","GHK-CU 100mg","1.00","51.00","51.00","""2026-03-18T20:20:09.081Z""","""2026-03-18T20:20:09.081Z"""
"dec28f3e-f161-42d6-96d1-d2906ec4ed43","d9eff3e7-6d9b-4aac-a009-c49b0299b99c","p005","Tirzepatide 30mg","1.00","90.00","90.00","""2026-03-18T20:20:08.911Z""","""2026-03-18T20:20:08.911Z"""
"dec8dc96-9adf-40c2-9a26-073a93b67a06","dec50e04-fbbd-4839-ab19-12075add2a08","p012","Retatrutide 40mg","1.00","165.00","165.00","""2026-03-22T21:38:17.991Z""","""2026-03-22T21:38:17.991Z"""
"e00537ac-ad5a-4b2f-b4d9-5831c512f4d6","fff847e8-871c-423b-86c5-eddea6dfe217","p013","Retatrutide 50mg","2.00","205.00","410.00","""2026-03-18T20:20:08.936Z""","""2026-03-18T20:20:08.936Z"""
"e010074b-c51b-4b47-9081-dce4bccb89e3","a22f7966-b42d-4cab-81c3-c94983f0e590","p078","GHK-CU 100mg","1.00","51.00","51.00","""2026-03-18T20:20:09.102Z""","""2026-03-18T20:20:09.102Z"""
"e12f14be-c2fc-456a-b878-28fb4589efe9","b09497dc-4ba4-4bd3-b8c8-d0f3dfb4804f","p012","Retatrutide 40mg","0.50","165.00","82.50","""2026-03-22T21:38:17.739Z""","""2026-03-22T21:38:17.739Z"""
"e1df1e8a-85a2-441e-aef1-a62ab01f6f29","8fee86d5-5f56-462a-bc6f-354c2bcdc90e","p051","Mots-C 10mg","1.00","55.00","55.00","""2026-03-18T20:20:08.973Z""","""2026-03-18T20:20:08.973Z"""
"e417badd-677e-4ca9-82a1-9db38896f485","d25da38b-20aa-40ff-ba34-e1638b380836","p042","Melanotan II 10mg","1.00","40.00","40.00","""2026-03-18T20:20:08.989Z""","""2026-03-18T20:20:08.989Z"""
"e4611f37-a713-4cf5-a0df-c8d59e8553db","0581d320-40f1-40e7-9adb-cd05ffaabda1","p106","Vesugen 20mg","1.00","120.00","120.00","""2026-03-18T20:20:09.024Z""","""2026-03-18T20:20:09.024Z"""
"e4e7f8f8-ed4a-473b-bf53-5e836cb66029","3bd9eefd-7e2a-4e5c-9b4e-b1cff3038cf4","p006","Tirzepatide 45mg","1.00","115.00","115.00","""2026-03-18T20:20:08.891Z""","""2026-03-18T20:20:08.891Z"""
"e67e0821-3cf1-46a7-946c-1c0b72c308d2","6f6de2e0-09fd-4ba9-a538-07683263fd23","","Retatrutide 30mg","2.00","155.00","310.00","""2026-03-19T15:35:27.558Z""","""2026-03-19T15:35:27.558Z"""
"e7fb87d0-b18b-4b50-915c-33c19c0c11fd","7c4198b0-56ca-4561-a79e-9b04debe3cf9","","Tirzepatide 15mg","1.00","80.00","80.00","""2026-03-19T17:02:22.408Z""","""2026-03-19T17:02:22.408Z"""
"e8002e9d-0d34-4421-889d-cf37e568ccec","c67237d3-15ca-4487-b138-43c30d2e1df0","p005","Tirzepatide 30mg","1.00","90.00","90.00","""2026-03-18T20:20:08.877Z""","""2026-03-18T20:20:08.877Z"""
"ea1d6e99-db5d-4639-aa6e-718ed3c3ffc9","db0cf4c0-03ac-431c-8b42-3e93952b979f","p007","Tirzepatide 60mg","1.00","135.00","135.00","""2026-03-22T21:38:17.643Z""","""2026-03-22T21:38:17.643Z"""
"eb351593-d978-4a3c-af1f-d2aa0939c58e","54f88b62-dcf8-4c7d-880c-b4527534edb6","p006","Tirzepatide 45mg","1.00","115.00","115.00","""2026-03-22T21:38:17.854Z""","""2026-03-22T21:38:17.854Z"""
"ec7ee4fb-8cd9-4483-b0ce-5e36759b028f","b0ca116d-aaea-4b84-9ae0-8cac8ad64280","p052","Mots-C 20mg","1.00","95.00","95.00","""2026-03-18T20:20:09.097Z""","""2026-03-18T20:20:09.097Z"""
"ed0f3e19-be2b-4f86-9120-548ca7b894e1","dec50e04-fbbd-4839-ab19-12075add2a08","p019","BAC water 10ml","1.00","25.00","25.00","""2026-03-22T21:38:17.991Z""","""2026-03-22T21:38:17.991Z"""
"ed15f7e7-bb36-4987-b687-41a70709d565","7d6339fe-0e7e-4f13-a613-9964a321e863","p119","GHK-CU 10g Raw","1.00","85.00","85.00","""2026-03-18T20:20:09.086Z""","""2026-03-18T20:20:09.086Z"""
"ee396f7d-a47c-4dce-9ba8-4c1844120781","97714f03-36a3-47e0-ab99-52143db1645e","p006","Tirzepatide 45mg","1.00","115.00","115.00","""2026-03-22T21:38:17.680Z""","""2026-03-22T21:38:17.680Z"""
"f026ec8c-bc6a-4dd9-b16b-087a9407fd86","3bd9eefd-7e2a-4e5c-9b4e-b1cff3038cf4","p012","Retatrutide 40mg","2.00","165.00","330.00","""2026-03-18T20:20:08.891Z""","""2026-03-18T20:20:08.891Z"""
"f3ca65c8-340b-44c7-a344-3d2f199d752c","af9e5b89-b039-4746-93be-5e2c9cf2dddd","p078","GHK-CU 100mg","1.00","51.00","51.00","""2026-03-18T20:20:09.007Z""","""2026-03-18T20:20:09.007Z"""
"f3fbba4f-7b22-49db-961c-4b28a2d8fa63","cf6314ad-7e40-4b9a-bf6f-0d95d4db46ca","p061","Semax 10mg","0.50","55.00","27.50","""2026-03-18T20:20:09.029Z""","""2026-03-18T20:20:09.029Z"""
"f4370256-1043-4069-9acd-cb632beedc90","fff847e8-871c-423b-86c5-eddea6dfe217","p014","Cagrilintide 5mg","1.00","90.00","90.00","""2026-03-18T20:20:08.936Z""","""2026-03-18T20:20:08.936Z"""
"f49c3ec6-20ab-4aec-8e95-1fc1e2f3d8b8","5a386fcc-e8d7-4e09-9d3e-618ba1bce411","p055","SS-31 30mg","1.00","155.00","155.00","""2026-03-22T21:38:17.776Z""","""2026-03-22T21:38:17.776Z"""
"f5436a07-481d-4104-902a-9b1d050f0c55","607cdfc7-b502-4c19-8dc7-32461fdb1205","p077","AHK-CU 100mg","1.00","60.00","60.00","""2026-03-22T21:38:17.973Z""","""2026-03-22T21:38:17.973Z"""
"f625774e-90be-4121-814e-39a14a04ac60","bfd2166a-c2df-46bd-a127-570af936afc7","p050","Tesamorelin 20mg","1.00","220.00","220.00","""2026-03-18T20:20:08.983Z""","""2026-03-18T20:20:08.983Z"""
"f9458a5e-5d45-4d47-b665-f725f9f5c00a","7522e0b8-cf16-40ef-aff9-9b3180098433","p012","Retatrutide 40mg","1.00","165.00","165.00","""2026-03-18T20:20:09.018Z""","""2026-03-18T20:20:09.018Z"""
"fc2c18a1-e553-4b40-96b8-8f82e1b0adbe","8fee86d5-5f56-462a-bc6f-354c2bcdc90e","p030","BPC 157 10mg","1.00","45.00","45.00","""2026-03-18T20:20:08.973Z""","""2026-03-18T20:20:08.973Z"""
"fd2d46f1-8333-40ee-893c-67ef39f0f2b7","0a04f7fb-b229-4100-bed6-cdf181eeafc1","p102","Cerebrolysin 30mg GMP 10ml 10vials","1.00","45.00","45.00","""2026-03-22T21:38:17.862Z""","""2026-03-22T21:38:17.862Z"""
"fe14de42-20d7-45d8-bdae-e8a9077c618e","1b975899-08c0-439c-b0bb-b65f0092d0aa","p061","Semax 10mg","1.00","55.00","55.00","""2026-03-18T20:20:08.954Z""","""2026-03-18T20:20:08.954Z"""
"fe5c45ec-e5bf-4c9c-ac53-114322afcb86","d25da38b-20aa-40ff-ba34-e1638b380836","p007","Tirzepatide 60mg","1.00","135.00","135.00","""2026-03-18T20:20:08.989Z""","""2026-03-18T20:20:08.989Z"""
"fe5f8ee7-b7d6-427e-9fdf-8a09049f2286","a70245bf-f0c7-4bac-80a4-b880b93ac7c0","p070","DSIP 10mg","1.00","65.00","65.00","""2026-03-22T21:38:17.671Z""","""2026-03-22T21:38:17.671Z"""
"fe6938ae-f327-4929-8618-851d64fe2764","83a3d960-ba23-47a3-883c-ed6883ab9d27","p028","Adipotide 10mg","1.00","165.00","165.00","""2026-03-18T20:20:09.071Z""","""2026-03-18T20:20:09.071Z"""
"ff8362d2-d94a-418c-a8aa-6b069b770de4","7982979f-568f-4555-b3d8-6d7e3b4f8327","p053","Mots-C 40mg","1.00","160.00","160.00","""2026-03-22T21:38:17.891Z""","""2026-03-22T21:38:17.891Z"""