id,name,vendor,price,active,category,sort_order,source_group_buy_id,organiser_id,mg_size,stock,low_stock_threshold,created_at,updated_at,unit_count,weight_grams,wholesale_enabled,wholesale_price,half_kit_enabled
prod-72e4641b,HGH 240iu,Lobster,83.00,t,,,VZE6X,,,1000,,2026-05-03 12:16:55.318116+00,2026-05-03 20:34:37.387+00,,,t,,t
p069,DSIP 5mg,Uther,35.00,t,,69,,,,330,,2026-03-18 15:19:10.865+00,2026-05-05 19:15:04.144+00,,,t,,f
p078,GHK-CU 100mg,Uther,51.00,t,,78,,,,13,,2026-03-18 15:19:10.899+00,2026-05-05 19:15:04.144+00,,,t,,f
p024,HGH 10IU,Uther,50.00,t,,23,,,,1532,,2026-03-18 15:19:10.735+00,2026-05-05 19:15:04.144+00,,,t,,f
p039,Epitalon 10mg,Uther,45.00,t,,38,,,,396,,2026-03-18 15:19:10.782+00,2026-05-05 19:15:04.144+00,,,t,,f
p015,Cagrilintide 10mg,Uther,170.00,t,,14,,,,388,,2026-03-18 15:19:10.711+00,2026-05-05 19:15:04.144+00,,,t,,f
p066,Fox04 10mg,Uther,300.00,t,,65,,,,350,,2026-03-18 15:19:10.856+00,2026-05-05 19:15:04.144+00,,,t,,f
p012,Retatrutide 40mg,Uther,165.00,t,,11,,,,157,,2026-03-18 15:19:10.703+00,2026-05-05 19:15:04.144+00,,,t,,f
p006,Tirzepatide 45mg,Uther,115.00,t,,5,,,,349,,2026-03-18 15:19:10.685+00,2026-05-05 19:15:04.144+00,,,t,,f
prod-1d82da75,Retatrutide 100mg,Uther,380.00,t,,,,,,311,,2026-05-03 15:39:55.670596+00,2026-05-05 19:15:04.144+00,,,t,,f
prod-c3b6db24,GHK-Basic,Uther,51.00,t,,,,,,196,,2026-05-07 15:12:01.477014+00,2026-05-07 15:12:01.477014+00,,,t,,t
p040,Epitalon 50mg,Uther,200.00,t,,39,,,,257,,2026-03-18 15:19:10.784+00,2026-05-05 19:15:04.144+00,,,t,,f
p031,BPC 157 40mg,Uther,160.00,t,,30,,,,196,,2026-03-18 15:19:10.754+00,2026-05-05 19:15:04.144+00,,,t,,f
p025,IGF-1 LR3 1mg,Uther,210.00,t,,24,,,,97,,2026-03-18 15:19:10.738+00,2026-05-05 19:15:04.144+00,,,t,,f
p083,LL-37 5mg,Uther,85.00,t,,83,,,,176,,2026-03-18 15:19:10.913+00,2026-05-05 19:15:04.144+00,,,t,,f
p055,SS-31 30mg,Uther,155.00,t,,54,,,,15,,2026-03-18 15:19:10.826+00,2026-05-05 19:15:04.144+00,,,t,,f
p067,Oxytocin 10mg (<99),Uther,60.00,t,,67,,,,27,,2026-03-18 15:19:10.859+00,2026-05-05 19:15:04.144+00,,,t,,f
p116,Thymogen 20mg,Uther,120.00,t,,116,,,,270,,2026-03-18 15:19:11.002+00,2026-05-05 19:15:04.144+00,,,t,,f
p082,PNC 27 30mg (this batch 28mg),Uther,240.00,t,,82,,,,93,,2026-03-18 15:19:10.91+00,2026-05-05 19:15:04.144+00,,,t,,f
p074,CJC 6mg / Ipa 11mg Blend,Uther,160.00,t,,74,,,,47,,2026-03-18 15:19:10.888+00,2026-05-05 19:15:04.144+00,,,t,,f
p004,Tirzepatide 20mg,Uther,85.00,t,,3,,,,3,,2026-03-18 15:19:10.678+00,2026-05-05 19:15:04.144+00,,,t,,f
p029,VIP 10mg,Uther,125.00,t,,28,,,,7,,2026-03-18 15:19:10.749+00,2026-05-05 19:15:04.144+00,,,t,,f
p028,Adipotide 10mg,Uther,165.00,t,,27,,,,87,,2026-03-18 15:19:10.746+00,2026-05-05 19:15:04.144+00,,,t,,f
p035,Teriparatide 750mcg,Uther,75.00,t,,34,,,,16,,2026-03-18 15:19:10.765+00,2026-05-05 19:15:04.144+00,,,t,,f
p017,Survodutide 10mg,Uther,170.00,t,,16,,,,15,,2026-03-18 15:19:10.716+00,2026-05-05 19:15:04.144+00,,,t,,f
prod-b3ed2c92,"HCG 10,000iu",Lobster,105.00,t,,,,,,10000,,2026-05-03 20:35:13.00165+00,2026-05-07 19:37:03.335+00,,,t,,f
p011,Retatrutide 30mg,Uther,155.00,t,,10,,,,398,,2026-03-18 15:19:10.7+00,2026-05-05 19:15:04.144+00,,,t,,f
prod-fd59d68b,Convipen,Ypsomed AG,8.50,t,Equipment,128,GW5JW,mkp_uk,,,,2026-04-14 06:19:27.56171+00,2026-04-30 13:47:05.358+00,,,t,,f
prod-921c7f23,Gensupen2,Beximco Pharmaceuticals,8.50,t,Equipment,131,GW5JW,mkp_uk,,,,2026-04-14 06:21:50.589403+00,2026-04-30 13:47:06.202+00,,,t,,f
prod-df2c675e,HCG 5000iu,Lobster,60.00,t,,,VZE6X,,,10000,,2026-05-03 12:17:20.189639+00,2026-05-03 20:34:52.786+00,,,t,,t
p044,CJC-1295 with DAC 5mg,Uther,120.00,t,,43,,,,62,,2026-03-18 15:19:10.794+00,2026-05-05 19:15:04.144+00,,,t,,f
p021,BAC water 3ml,Uther,15.00,t,,20,,,,137,,2026-03-18 15:19:10.727+00,2026-05-05 19:15:04.144+00,,,t,,f
p042,Melanotan II 10mg,Uther,40.00,t,,41,,,,325,,2026-03-18 15:19:10.79+00,2026-05-05 19:15:04.144+00,,,t,,f
p062,Selank 10mg,Uther,55.00,t,,61,,,,602,,2026-03-18 15:19:10.845+00,2026-05-05 19:15:04.144+00,,,t,,f
p047,GHRP-6 10mg,Uther,50.00,t,,46,,,,281,,2026-03-18 15:19:10.802+00,2026-05-05 19:15:04.144+00,,,t,,f
p099,Glutathione 600mg 10vials,Uther,45.00,t,,99,,,,112,,2026-03-18 15:19:10.955+00,2026-05-05 19:15:04.144+00,,,t,,f
p115,Pancragon 20mg,Uther,120.00,t,,115,,,,177,,2026-03-18 15:19:10.999+00,2026-05-05 19:15:04.144+00,,,t,,f
prod-f584eb96,Shipping Denmark and Netherlands,RM,10.95,t,Shipping,,GW5JW,mkp_uk,,,,2026-05-02 21:43:25.944128+00,2026-05-02 21:44:28.201+00,,,t,,f
p070,DSIP 10mg,Uther,65.00,t,,70,,,,-5,,2026-03-18 15:19:10.868+00,2026-05-05 19:15:04.144+00,,,t,,f
p117,Crystagen 20mg,Uther,120.00,t,,117,,,,0,,2026-03-18 15:19:11.004+00,2026-05-05 19:15:04.144+00,,,t,,f
p063,Na Semax 10mg,Uther,70.00,t,,62,,,,407,,2026-03-18 15:19:10.848+00,2026-05-05 19:15:04.144+00,,,t,,f
p079,GHK-CU 50mg,Uther,40.00,t,,79,,,,45,,2026-03-18 15:19:10.902+00,2026-05-05 19:15:04.144+00,,,t,,f
p056,SS-31 50mg,Uther,230.00,t,,55,,,,59,,2026-03-18 15:19:10.828+00,2026-05-05 19:15:04.144+00,,,t,,f
p075,Tesa 5mg / Ipa 5mg Blend,Uther,110.00,t,,75,,,,12,,2026-03-18 15:19:10.891+00,2026-05-05 19:15:04.144+00,,,t,,f
p014,Cagrilintide 5mg,Uther,90.00,t,,13,,,,211,,2026-03-18 15:19:10.709+00,2026-05-05 19:15:04.144+00,,,t,,f
prod-992a0b82,BPC 30mg / TB4 30mg Blend,Uther,300.00,t,,,,,,86,,2026-05-03 07:58:46.4616+00,2026-05-05 19:15:04.144+00,,,t,,f
p114,Cardiogen 20mg,Uther,120.00,t,,114,,,,93,,2026-03-18 15:19:10.996+00,2026-05-05 19:15:04.144+00,,,t,,f
p112,Livagen 20mg,Uther,120.00,t,,112,,,,94,,2026-03-18 15:19:10.991+00,2026-05-05 19:15:04.144+00,,,t,,f
prod-d10fabfb,Semaglutide 5mg,Uther,45.00,t,,,93V4L,,,11,,2026-04-14 22:25:33.007702+00,2026-05-01 16:50:06.587+00,,,t,,t
p105,Ovagen 20mg,Uther,120.00,t,,105,,,,19,,2026-03-18 15:19:10.972+00,2026-05-05 19:15:04.144+00,,,t,,f
prod-813d1269,test,wwb,3.00,t,,133,5CD5N,iam0121,,,,2026-04-14 06:40:20.388698+00,2026-04-14 07:07:10.954+00,,,t,,t
prod-3440c65c,Cagrilintide 10mg,Biochems API,135.00,t,,127,DBD3Q,,,,,2026-04-13 22:20:46.925904+00,2026-04-14 07:07:10.969+00,,,t,,t
p103,Prostamax 20mg,Uther,120.00,t,,103,,,,330,,2026-03-18 15:19:10.966+00,2026-05-05 19:15:04.144+00,,,t,,f
p061,Semax 10mg,Uther,55.00,t,,60,,,,286,,2026-03-18 15:19:10.842+00,2026-05-05 19:15:04.144+00,,,t,,f
p084,KPV 10mg,Uther,60.00,t,,84,,,,185,,2026-03-18 15:19:10.915+00,2026-05-05 19:15:04.144+00,,,t,,f
prod-8faf9af7,Retatrutide 140mg,Biochems API,340.00,t,,132,DBD3Q,,,,,2026-04-13 22:19:32.010596+00,2026-04-14 07:07:10.985+00,,,t,,t
p036,Fragment 176-191 5mg,Uther,75.00,t,,35,,,,312,,2026-03-18 15:19:10.773+00,2026-05-05 19:15:04.144+00,,,t,,f
p033,TB500 (TB4) 20mg,Uther,165.00,t,,32,,,,179,,2026-03-18 15:19:10.759+00,2026-05-05 19:15:04.144+00,,,t,,f
p003,Tirzepatide 15mg,Uther,80.00,t,,2,,,,303,,2026-03-18 15:19:10.675+00,2026-05-05 19:15:04.144+00,,,t,,f
5a35577d-3b1b-4cf3-9648-caa953a7b404,Tirzepatide,WWB,35.00,t,peptide,,64K2M,j4mes_r,5mg,,,2026-04-15 17:12:01.222224+00,2026-04-15 17:12:01.222224+00,,,t,,t
p048,GHRP-2 10mg,Uther,50.00,t,,47,,,,281,,2026-03-18 15:19:10.805+00,2026-05-05 19:15:04.144+00,,,t,,f
343fd47e-a6f3-4d42-9385-b341530d9efe,Tirzepatide,WWB,50.00,t,peptide,,64K2M,j4mes_r,10mg,,,2026-04-15 17:12:01.253382+00,2026-04-15 17:12:01.253382+00,,,t,,t
64178980-bb67-4db0-87fc-2fdca34a6b6b,Tirzepatide,WWB,60.00,t,peptide,,64K2M,j4mes_r,15mg,,,2026-04-15 17:12:01.278943+00,2026-04-15 17:12:01.278943+00,,,t,,t
8fa3f75f-db77-40fa-877f-2c7301ec3f28,Tirzepatide,WWB,70.00,t,peptide,,64K2M,j4mes_r,20mg,,,2026-04-15 17:12:01.30425+00,2026-04-15 17:12:01.30425+00,,,t,,t
0c6427ad-857e-4b2c-8fe1-2bda8245819a,Tirzepatide,WWB,90.00,t,peptide,,64K2M,j4mes_r,30mg,,,2026-04-15 17:12:01.329504+00,2026-04-15 17:12:01.329504+00,,,t,,t
p085,KPV 30mg,Uther,145.00,t,,85,,,,82,,2026-03-18 15:19:10.918+00,2026-05-05 19:15:04.144+00,,,t,,f
p086,Sermorelin 5mg,Uther,70.00,t,,86,,,,210,,2026-03-18 15:19:10.921+00,2026-05-05 19:15:04.144+00,,,t,,f
442e6b00-7ecf-444e-afae-cccf8acc5d52,Tirzepatide,WWB,130.00,t,peptide,,64K2M,j4mes_r,50mg,,,2026-04-15 17:12:01.381384+00,2026-04-15 17:12:01.381384+00,,,t,,t
12d9e29b-e401-4a7d-b5d1-c4b114c41c77,Tirzepatide,WWB,150.00,t,peptide,,64K2M,j4mes_r,60mg,,,2026-04-15 17:12:01.406473+00,2026-04-15 17:12:01.406473+00,,,t,,t
p098,HCG 5000 IU 10vials,Uther,175.00,t,,98,,,,132,,2026-03-18 15:19:10.952+00,2026-05-05 19:15:04.144+00,,,t,,f
p090,PE-22-28 10mg,Uther,70.00,t,,90,,,,81,,2026-03-18 15:19:10.931+00,2026-05-05 19:15:04.144+00,,,t,,f
p097,HCG 2000 IU 10vials,Uther,70.00,t,,97,,,,150,,2026-03-18 15:19:10.95+00,2026-05-05 19:15:04.144+00,,,t,,f
b676d5bc-8275-4f58-bcf4-9c240f29eef5,Retatrutide,WWB,55.00,t,peptide,,64K2M,j4mes_r,5mg,,,2026-04-15 17:12:01.606645+00,2026-04-15 17:12:01.606645+00,,,t,,t
p096,HCG 1000 IU 10vials,Uther,40.00,t,,96,,,,121,,2026-03-18 15:19:10.946+00,2026-05-05 19:15:04.144+00,,,t,,f
73cf701d-c716-4618-a650-3912793cd411,Retatrutide,WWB,100.00,t,peptide,,64K2M,j4mes_r,15mg,,,2026-04-15 17:12:01.656991+00,2026-04-15 17:12:01.656991+00,,,t,,t
p034,Abaloparatide 3mg,Uther,100.00,t,,33,,,,266,,2026-03-18 15:19:10.762+00,2026-05-05 19:15:04.144+00,,,t,,f
p068,Snap-8 10mg,Uther,40.00,t,,68,,,,132,,2026-03-18 15:19:10.862+00,2026-05-05 19:15:04.144+00,,,t,,f
p013,Retatrutide 50mg,Uther,205.00,t,,12,,,,443,,2026-03-18 15:19:10.706+00,2026-05-05 19:15:04.144+00,,,t,,f
p060,Adamax 10mg (1032 da),Uther,250.00,t,,59,,,,119,,2026-03-18 15:19:10.838+00,2026-05-05 19:15:04.144+00,,,t,,f
p041,N-Acetyl Epitalon 20mg,Uther,110.00,t,,40,,,,2,,2026-03-18 15:19:10.787+00,2026-05-05 19:15:04.144+00,,,t,,f
p071,BPC 5mg / TB4 5mg Blend,Uther,80.00,t,,71,,,,300,,2026-03-18 15:19:10.871+00,2026-05-05 19:15:04.144+00,,,t,,f
p119,GHK-CU 10g Raw,Uther,85.00,t,,119,,,,65,,2026-03-18 15:19:11.01+00,2026-05-05 19:15:04.144+00,,,t,,f
p081,TB500 Frag 10mg,Uther,70.00,t,,81,,,,231,,2026-03-18 15:19:10.908+00,2026-05-05 19:15:04.144+00,,,t,,f
p073,CJC No DAC / Ipa 5/5mg,Uther,75.00,t,,73,,,,96,,2026-03-18 15:19:10.886+00,2026-05-05 19:15:04.144+00,,,t,,f
prod-8d998a50,test,wwb,2.00,t,,134,5CD5N,iam0121,,,,2026-04-14 06:40:15.901137+00,2026-04-14 07:07:10.95+00,,,t,,t
2924d391-7ad4-41e1-97fe-15269bd3f14a,Retatrutide,WWB,160.00,t,peptide,,64K2M,j4mes_r,30mg,,,2026-04-15 17:12:01.708711+00,2026-04-15 17:12:01.708711+00,,,t,,t
4d56c647-73b4-4501-9cb1-dcf26cafbb47,Retatrutide,WWB,200.00,t,peptide,,64K2M,j4mes_r,40mg,,,2026-04-15 17:12:01.733276+00,2026-04-15 17:12:01.733276+00,,,t,,t
0fffab22-926a-4b8c-a2d5-96a957d37d03,Retatrutide,WWB,240.00,t,peptide,,64K2M,j4mes_r,50mg,,,2026-04-15 17:12:01.760677+00,2026-04-15 17:12:01.760677+00,,,t,,t
0a3de3dd-5ff7-48dd-ba6a-1ed5175d20dc,Retatrutide,WWB,280.00,t,peptide,,64K2M,j4mes_r,60mg,,,2026-04-15 17:12:01.785375+00,2026-04-15 17:12:01.785375+00,,,t,,t
ab865cbc-b3a3-4cc1-9c37-16d81a9da974,TB-500,WWB,65.00,t,peptide,,64K2M,j4mes_r,5mg,,,2026-04-15 17:12:01.810439+00,2026-04-15 17:12:01.810439+00,,,t,,t
22112a13-bb5c-4f67-bb84-99337e1a2770,TB-500,WWB,120.00,t,peptide,,64K2M,j4mes_r,10mg,,,2026-04-15 17:12:01.835966+00,2026-04-15 17:12:01.835966+00,,,t,,t
ad151842-91ef-4d66-a87f-2346987a5325,TB-500,WWB,200.00,t,peptide,,64K2M,j4mes_r,20mg,,,2026-04-15 17:12:01.861467+00,2026-04-15 17:12:01.861467+00,,,t,,t
prod-0a1c0e6b,Shipping France,RM,11.50,t,Shipping,,GW5JW,mkp_uk,,,,2026-05-02 21:44:25.163824+00,2026-05-02 21:44:29.395+00,,,t,,f
24ecbdb4-9d51-4069-b5a9-796859bbb6bc,BPC 157,WWB,55.00,t,peptide,,64K2M,j4mes_r,10mg,,,2026-04-15 17:12:01.937551+00,2026-04-15 17:12:01.937551+00,,,t,,t
0b4fbe42-32eb-412f-b249-aa3cfa991cec,BPC 157,WWB,95.00,t,peptide,,64K2M,j4mes_r,20mg,,,2026-04-15 17:12:01.962765+00,2026-04-15 17:12:01.962765+00,,,t,,t
19420e78-b77f-4e8a-b428-7de6c34619f4,AOD9604,WWB,45.00,t,peptide,,64K2M,j4mes_r,2mg,,,2026-04-15 17:12:01.988374+00,2026-04-15 17:12:01.988374+00,,,t,,t
305b57ec-dd70-4e27-a48a-a95707a8ca9e,AOD9604,WWB,85.00,t,peptide,,64K2M,j4mes_r,5mg,,,2026-04-15 17:12:02.013555+00,2026-04-15 17:12:02.013555+00,,,t,,t
42ea9cd1-3ba5-40af-89a0-1effc5388db8,BPC157 + TB500 Blend,WWB,85.00,t,peptide,,64K2M,j4mes_r,10mg,,,2026-04-15 17:12:02.064228+00,2026-04-15 17:12:02.064228+00,,,t,,t
e79673cf-d688-4f3b-bc46-fba68dfa1ba6,BPC157 + TB500 Blend,WWB,150.00,t,peptide,,64K2M,j4mes_r,20mg,,,2026-04-15 17:12:02.089636+00,2026-04-15 17:12:02.089636+00,,,t,,t
7eaf5472-59ad-4f24-b6e6-603ed2e7e235,BPC157 + TB500 + KPV Blend,WWB,180.00,t,peptide,,64K2M,j4mes_r,30mg,,,2026-04-15 17:12:02.115612+00,2026-04-15 17:12:02.115612+00,,,t,,t
02f1c0d1-b797-4c30-ad85-30d523603555,GHK-CU + TB500 + BPC157 Blend,WWB,150.00,t,peptide,,64K2M,j4mes_r,50mg,,,2026-04-15 17:12:02.140533+00,2026-04-15 17:12:02.140533+00,,,t,,t
09159996-057c-4a6c-b562-abc4754a6354,GHK-CU + TB500 + BPC157 Blend,WWB,170.00,t,peptide,,64K2M,j4mes_r,70mg,,,2026-04-15 17:12:02.166037+00,2026-04-15 17:12:02.166037+00,,,t,,t
45dbccee-6886-4497-8aec-d961bce571ef,GHK-CU + TB500 + BPC157 + KPV Blend,WWB,190.00,t,peptide,,64K2M,j4mes_r,80mg,,,2026-04-15 17:12:02.190911+00,2026-04-15 17:12:02.190911+00,,,t,,t
c7272ebd-b33a-45de-9a63-7a124454bd6a,Tesamorelin + Ipamorelin Blend,WWB,165.00,t,peptide,,64K2M,j4mes_r,17mg,,,2026-04-15 17:12:02.2154+00,2026-04-15 17:12:02.2154+00,,,t,,t
3baa18d7-6be3-4a44-9537-7d4d11fca763,Cagrilintide + Semaglutide Blend,WWB,110.00,t,peptide,,64K2M,j4mes_r,10mg,,,2026-04-15 17:12:02.240714+00,2026-04-15 17:12:02.240714+00,,,t,,t
70078ab9-8e7a-4178-a666-21993167547e,Retatrutide + Cagrilintide Blend,WWB,140.00,t,peptide,,64K2M,j4mes_r,10mg,,,2026-04-15 17:12:02.264752+00,2026-04-15 17:12:02.264752+00,,,t,,t
60e5ef9e-168e-4ddd-8986-62731c7cd6cb,Selank + Semax Blend,WWB,90.00,t,peptide,,64K2M,j4mes_r,20mg,,,2026-04-15 17:12:02.290614+00,2026-04-15 17:12:02.290614+00,,,t,,t
431baa47-2be3-4704-b5b8-2ff960aba3d3,NAD+ + Mots-C + 5-Amion 1MQ Blend,WWB,140.00,t,peptide,,64K2M,j4mes_r,120mg,,,2026-04-15 17:12:02.315131+00,2026-04-15 17:12:02.315131+00,,,t,,t
ed564c78-7834-461f-b4b3-edc88e930718,CJC-1295 without DAC + IPA Blend,WWB,90.00,t,peptide,,64K2M,j4mes_r,10mg,,,2026-04-15 17:12:02.339959+00,2026-04-15 17:12:02.339959+00,,,t,,t
491b26b3-f8dd-4da6-9551-805b6a8b8eea,CJC-1295 without DAC + IPA Blend,WWB,160.00,t,peptide,,64K2M,j4mes_r,20mg,,,2026-04-15 17:12:02.364741+00,2026-04-15 17:12:02.364741+00,,,t,,t
8581a523-5548-45a0-80d0-210b0c7693a0,CJC-1295 Whitout DAC,WWB,115.00,t,peptide,,64K2M,j4mes_r,10mg,,,2026-04-15 17:12:02.413245+00,2026-04-15 17:12:02.413245+00,,,t,,t
04bb17fb-43bc-4f0a-9f87-75da81445f45,CJC-1295 With DAC,WWB,70.00,t,peptide,,64K2M,j4mes_r,2mg,,,2026-04-15 17:12:02.437178+00,2026-04-15 17:12:02.437178+00,,,t,,t
1cce7e3e-fea1-4287-b33a-589e0a62cdb3,CJC-1295 With DAC,WWB,130.00,t,peptide,,64K2M,j4mes_r,5mg,,,2026-04-15 17:12:02.461521+00,2026-04-15 17:12:02.461521+00,,,t,,t
82db821e-5ee6-477d-8ea4-4e05d3baa8ad,CJC-1295 With DAC,WWB,240.00,t,peptide,,64K2M,j4mes_r,10mg,,,2026-04-15 17:12:02.485957+00,2026-04-15 17:12:02.485957+00,,,t,,t
080ad6f0-6c4b-4af4-95f1-2e4cb6b96dfa,Cagrilintide,WWB,120.00,t,peptide,,64K2M,j4mes_r,10mg,,,2026-04-15 17:12:02.536514+00,2026-04-15 17:12:02.536514+00,,,t,,t
0ec5d5fd-5f55-4161-9c0c-699349fee3d8,Cagrilintide,WWB,220.00,t,peptide,,64K2M,j4mes_r,20mg,,,2026-04-15 17:12:02.561476+00,2026-04-15 17:12:02.561476+00,,,t,,t
ae1c9972-e2a4-4456-9745-29c5d175b575,DSIP,WWB,80.00,t,peptide,,64K2M,j4mes_r,15mg,,,2026-04-15 17:12:02.661613+00,2026-04-15 17:12:02.661613+00,,,t,,t
246f78df-dd9a-49a8-bc0f-36379cd146aa,Dermorphin,WWB,55.00,t,peptide,,64K2M,j4mes_r,5mg,,,2026-04-15 17:12:02.686657+00,2026-04-15 17:12:02.686657+00,,,t,,t
5798a410-753d-46f6-ab13-d5a4f7dfa6f8,N-Acetyl Epitalon Amidate,WWB,45.00,t,peptide,,64K2M,j4mes_r,5mg,,,2026-04-15 17:12:02.711781+00,2026-04-15 17:12:02.711781+00,,,t,,t
cc1901b3-fc31-41b2-9c10-6bb99031021b,N-Acetyl Epitalon Amidate,WWB,80.00,t,peptide,,64K2M,j4mes_r,10mg,,,2026-04-15 17:12:02.73917+00,2026-04-15 17:12:02.73917+00,,,t,,t
083cebf6-c16f-4d68-8f53-f8233ab92538,Epithalon,WWB,150.00,t,peptide,,64K2M,j4mes_r,50mg,,,2026-04-15 17:12:02.813226+00,2026-04-15 17:12:02.813226+00,,,t,,t
4e6b94de-aa3a-4a31-88ea-539c1e8f4492,GHK Basic,WWB,35.00,t,peptide,,64K2M,j4mes_r,50mg,,,2026-04-15 17:12:02.912911+00,2026-04-15 17:12:02.912911+00,,,t,,t
043b6fef-ce25-4486-a924-b028b25fe9bb,Gonadorelin,WWB,35.00,t,peptide,,64K2M,j4mes_r,2mg,,,2026-04-15 17:12:03.110596+00,2026-04-15 17:12:03.110596+00,,,t,,t
0fa6e2e8-d1ba-46e6-b18f-80252b92fdb5,HGH 191AA (Somatropin),WWB,40.00,t,peptide,,64K2M,j4mes_r,6iu,,,2026-04-15 17:12:03.13511+00,2026-04-15 17:12:03.13511+00,,,t,,t
prod-4e4d9686,Shipping Italy,RM,11.90,t,Shipping,,GW5JW,mkp_uk,,,,2026-05-02 21:45:22.151441+00,2026-05-02 21:47:23.482+00,,,t,,f
94b8be27-623c-445c-b0ec-ec55d9c20aca,HGH 191AA (Somatropin),WWB,60.00,t,peptide,,64K2M,j4mes_r,12iu,,,2026-04-15 17:12:03.184071+00,2026-04-15 17:12:03.184071+00,,,t,,t
7bb28451-9689-4ed7-911e-3b6b1ed9b5a5,HGH 191AA (Somatropin),WWB,100.00,t,peptide,,64K2M,j4mes_r,24iu,,,2026-04-15 17:12:03.232522+00,2026-04-15 17:12:03.232522+00,,,t,,t
37c13178-f088-448e-ae4b-e1c4a72ec56b,Hexarelin,WWB,75.00,t,peptide,,64K2M,j4mes_r,5mg,,,2026-04-15 17:12:03.380336+00,2026-04-15 17:12:03.380336+00,,,t,,t
0f683ab9-1670-4b8d-b20c-dbc797b5daef,HCG,WWB,70.00,t,peptide,,64K2M,j4mes_r,5000IU,,,2026-04-15 17:12:03.428995+00,2026-04-15 17:12:03.428995+00,,,t,,t
0ff5b8fd-5063-4914-941d-3fb0e4874446,HGH Fragment 176-191,WWB,45.00,t,peptide,,64K2M,j4mes_r,2mg,,,2026-04-15 17:12:03.477092+00,2026-04-15 17:12:03.477092+00,,,t,,t
0e0843f9-b152-4968-9ef6-0be52a524a11,Ipamorelin,WWB,30.00,t,peptide,,64K2M,j4mes_r,2mg,,,2026-04-15 17:12:03.552342+00,2026-04-15 17:12:03.552342+00,,,t,,t
001c9dde-8510-45e7-9abe-1395a35e42ed,Ipamorelin,WWB,60.00,t,peptide,,64K2M,j4mes_r,10mg,,,2026-04-15 17:12:03.603426+00,2026-04-15 17:12:03.603426+00,,,t,,t
45826a6d-2116-43e2-907e-cc95158f9cc4,KissPeptin-10,WWB,70.00,t,peptide,,64K2M,j4mes_r,10mg,,,2026-04-15 17:12:03.709367+00,2026-04-15 17:12:03.709367+00,,,t,,t
014a3f18-db0a-4de5-add2-b0d6889ba72a,LL37,WWB,90.00,t,peptide,,64K2M,j4mes_r,5mg,,,2026-04-15 17:12:03.80679+00,2026-04-15 17:12:03.80679+00,,,t,,t
d92f7cf0-bb86-40d4-990c-8170f3dcba29,Liraglutide,WWB,80.00,t,peptide,,64K2M,j4mes_r,5mg,,,2026-04-15 17:12:03.833448+00,2026-04-15 17:12:03.833448+00,,,t,,t
1f8aa5ac-69fd-4d8d-9887-687562c9fe2b,MOTS-C,WWB,55.00,t,peptide,,64K2M,j4mes_r,10mg,,,2026-04-15 17:12:03.959781+00,2026-04-15 17:12:03.959781+00,,,t,,t
b78e3bdf-e075-424d-b2d2-1cdb113aaf4f,MOTS-C,WWB,170.00,t,peptide,,64K2M,j4mes_r,40mg,,,2026-04-15 17:12:03.984144+00,2026-04-15 17:12:03.984144+00,,,t,,t
15a3c921-b45d-449b-98b4-93b4acc5bd0e,MGF,WWB,45.00,t,peptide,,64K2M,j4mes_r,2mg,,,2026-04-15 17:12:04.007945+00,2026-04-15 17:12:04.007945+00,,,t,,t
2b91b07c-13f9-47df-bfcf-2ea598383795,Mazdutide,WWB,185.00,t,peptide,,64K2M,j4mes_r,10mg,,,2026-04-15 17:12:04.05688+00,2026-04-15 17:12:04.05688+00,,,t,,t
40851f45-c6b0-464a-bdda-9c93f00c88dd,Matrixyl,WWB,35.00,t,peptide,,64K2M,j4mes_r,10mg,,,2026-04-15 17:12:04.080855+00,2026-04-15 17:12:04.080855+00,,,t,,t
1bc49674-0dc6-4cc6-96b1-0e2dc12bd772,NAD+,WWB,50.00,t,peptide,,64K2M,j4mes_r,250mg,,,2026-04-15 17:12:04.129229+00,2026-04-15 17:12:04.129229+00,,,t,,t
245634a3-08d0-4600-b0bb-510774e9c479,Oxytocin Acetate,WWB,35.00,t,peptide,,64K2M,j4mes_r,2mg,,,2026-04-15 17:12:04.201209+00,2026-04-15 17:12:04.201209+00,,,t,,t
9094085e-6a0b-469d-9860-5d95145dbf54,Oxytocin Acetate,WWB,60.00,t,peptide,,64K2M,j4mes_r,10mg,,,2026-04-15 17:12:04.251705+00,2026-04-15 17:12:04.251705+00,,,t,,t
177baef0-f6e7-447d-81e2-88aaea914f50,PTD-DBM,WWB,195.00,t,peptide,,64K2M,j4mes_r,5mg,,,2026-04-15 17:12:04.275194+00,2026-04-15 17:12:04.275194+00,,,t,,t
0a13738e-b162-408c-aa21-9af78fdce203,P21,WWB,55.00,t,peptide,,64K2M,j4mes_r,10mg,,,2026-04-15 17:12:04.299151+00,2026-04-15 17:12:04.299151+00,,,t,,t
b21d91b0-c58e-4ed7-8e57-0eea60d32070,PE 22-28,WWB,55.00,t,peptide,,64K2M,j4mes_r,10mg,,,2026-04-15 17:12:04.349321+00,2026-04-15 17:12:04.349321+00,,,t,,t
0936afc2-782c-4c7f-9376-6a7f8329b492,PT-141,WWB,50.00,t,peptide,,64K2M,j4mes_r,10mg,,,2026-04-15 17:12:04.396953+00,2026-04-15 17:12:04.396953+00,,,t,,t
78740046-59ba-4a44-87df-a8e4e89c2eb6,Pinealon,WWB,40.00,t,peptide,,64K2M,j4mes_r,5mg,,,2026-04-15 17:12:04.421743+00,2026-04-15 17:12:04.421743+00,,,t,,t
5cb51873-a83e-48f1-ace7-30c8bf8e7c1a,Pinealon,WWB,60.00,t,peptide,,64K2M,j4mes_r,10mg,,,2026-04-15 17:12:04.44566+00,2026-04-15 17:12:04.44566+00,,,t,,t
54aed555-de73-4657-8537-68a447b30f85,Pinealon,WWB,90.00,t,peptide,,64K2M,j4mes_r,20mg,,,2026-04-15 17:12:04.470472+00,2026-04-15 17:12:04.470472+00,,,t,,t
3e33b316-3d94-43ac-8cc8-04b7dd755023,PNC 27,WWB,85.00,t,peptide,,64K2M,j4mes_r,5mg,,,2026-04-15 17:12:04.49664+00,2026-04-15 17:12:04.49664+00,,,t,,t
d624408a-d551-4838-a4f2-c8f58762bdb7,PNC 27,WWB,150.00,t,peptide,,64K2M,j4mes_r,10mg,,,2026-04-15 17:12:04.521839+00,2026-04-15 17:12:04.521839+00,,,t,,t
288bb388-2b9b-4008-83e9-5ad67dee411f,Survodutide,WWB,210.00,t,peptide,,64K2M,j4mes_r,10mg,,,2026-04-15 17:12:04.546853+00,2026-04-15 17:12:04.546853+00,,,t,,t
2ce3b58e-05c0-4e30-b4ed-55e481d72aa2,SNAP-8,WWB,40.00,t,peptide,,64K2M,j4mes_r,10mg,,,2026-04-15 17:12:04.572348+00,2026-04-15 17:12:04.572348+00,,,t,,t
5dc14d91-60c6-4672-8f10-8439020e6eb8,SS-31,WWB,80.00,t,peptide,,64K2M,j4mes_r,10mg,,,2026-04-15 17:12:04.596984+00,2026-04-15 17:12:04.596984+00,,,t,,t
54fff3f0-c50e-4cc8-8197-6ec5ccb6e2e5,SS-31,WWB,310.00,t,peptide,,64K2M,j4mes_r,50mg,,,2026-04-15 17:12:04.621882+00,2026-04-15 17:12:04.621882+00,,,t,,t
5dfb6d40-f830-45d6-ae06-d26f55b19af3,Selank,WWB,35.00,t,peptide,,64K2M,j4mes_r,5mg,,,2026-04-15 17:12:04.6466+00,2026-04-15 17:12:04.6466+00,,,t,,t
prod-4bff34dd,Shipping Germany,RM,9.95,t,Shipping,,GW5JW,mkp_uk,,,,2026-05-02 21:47:20.979184+00,2026-05-02 21:47:24.443+00,,,t,,f
142ccd19-d1c9-4690-9182-02fed82bcc0d,Semax,WWB,35.00,t,peptide,,64K2M,j4mes_r,5mg,,,2026-04-15 17:12:04.724939+00,2026-04-15 17:12:04.724939+00,,,t,,t
5d516847-092e-4a41-b95c-1b3bd8be8e25,Semax,WWB,120.00,t,peptide,,64K2M,j4mes_r,30mg,,,2026-04-15 17:12:04.774555+00,2026-04-15 17:12:04.774555+00,,,t,,t
566effb8-de8e-45e8-b2e2-5087d5e039e8,NA Semax amidate,WWB,130.00,t,peptide,,64K2M,j4mes_r,30mg,,,2026-04-15 17:12:04.82462+00,2026-04-15 17:12:04.82462+00,,,t,,t
6ea227f0-aee9-4987-bd5c-7810277effae,Sermorelin Acetate,WWB,65.00,t,peptide,,64K2M,j4mes_r,5mg,,,2026-04-15 17:12:04.848849+00,2026-04-15 17:12:04.848849+00,,,t,,t
a6b19208-8f52-418e-b7f2-7d8f9dc7d946,Sermorelin Acetate,WWB,175.00,t,peptide,,64K2M,j4mes_r,15mg,,,2026-04-15 17:12:04.899119+00,2026-04-15 17:12:04.899119+00,,,t,,t
256796c6-3a36-406c-ab69-c84f7e527546,Tesamorelin,WWB,75.00,t,peptide,,64K2M,j4mes_r,5mg,,,2026-04-15 17:12:04.947344+00,2026-04-15 17:12:04.947344+00,,,t,,t
5faae6c8-e427-447a-b461-4940e581a1e8,Tesamorelin,WWB,250.00,t,peptide,,64K2M,j4mes_r,20mg,,,2026-04-15 17:12:04.995821+00,2026-04-15 17:12:04.995821+00,,,t,,t
2a5bd9fd-1288-4d31-803f-034b3cdb5247,Thymalin,WWB,55.00,t,peptide,,64K2M,j4mes_r,10mg,,,2026-04-15 17:12:05.02009+00,2026-04-15 17:12:05.02009+00,,,t,,t
9dfb4c37-6749-424c-a061-405675b01e8d,Thymosin Alpha-1,WWB,75.00,t,peptide,,64K2M,j4mes_r,5mg,,,2026-04-15 17:12:05.044834+00,2026-04-15 17:12:05.044834+00,,,t,,t
30d01e21-be14-4032-9c9a-6a3c6dd36a6d,Thymosin Alpha-1,WWB,130.00,t,peptide,,64K2M,j4mes_r,10mg,,,2026-04-15 17:12:05.068755+00,2026-04-15 17:12:05.068755+00,,,t,,t
17213d39-cc1b-49a4-a71d-37a0e751e7c3,5-amino-1mq,WWB,35.00,t,peptide,,64K2M,j4mes_r,5mg,,,2026-04-15 17:12:05.142308+00,2026-04-15 17:12:05.142308+00,,,t,,t
a660000c-8629-4731-8773-72aa0c943f4f,5-amino-1mq,WWB,55.00,t,peptide,,64K2M,j4mes_r,10mg,,,2026-04-15 17:12:05.166795+00,2026-04-15 17:12:05.166795+00,,,t,,t
3ccef657-241e-46e2-b46b-164999332fef,Adamax,WWB,110.00,t,peptide,,64K2M,j4mes_r,5mg,,,2026-04-15 17:12:05.214224+00,2026-04-15 17:12:05.214224+00,,,t,,t
be2b218a-449d-4b22-8457-d9702eabd6fa,Adipotide,WWB,140.00,t,peptide,,64K2M,j4mes_r,5mg,,,2026-04-15 17:12:05.334384+00,2026-04-15 17:12:05.334384+00,,,t,,t
72ac597b-5e0f-4d6a-9f4c-72d52059344f,ARA-290,WWB,55.00,t,peptide,,64K2M,j4mes_r,10mg,,,2026-04-15 17:12:05.35978+00,2026-04-15 17:12:05.35978+00,,,t,,t
9321c51f-a4c8-47b1-a054-3b0d91067b1d,Bronchogen,WWB,110.00,t,peptide,,64K2M,j4mes_r,20mg,,,2026-04-15 17:12:05.410932+00,2026-04-15 17:12:05.410932+00,,,t,,t
60667a36-d31d-4813-883f-45cf0d831b01,Cardiogen,WWB,110.00,t,peptide,,64K2M,j4mes_r,20mg,,,2026-04-15 17:12:05.43724+00,2026-04-15 17:12:05.43724+00,,,t,,t
c01a9cdb-81c6-4a13-a788-fba70b4973c4,Cartalax,WWB,110.00,t,peptide,,64K2M,j4mes_r,20mg,,,2026-04-15 17:12:05.538055+00,2026-04-15 17:12:05.538055+00,,,t,,t
a4140db9-f0c9-4ac1-85c5-9a51882b2108,Livagen,WWB,110.00,t,peptide,,64K2M,j4mes_r,20mg,,,2026-04-15 17:12:05.56267+00,2026-04-15 17:12:05.56267+00,,,t,,t
16f0f975-da07-4c2f-96d6-6d6793f96814,Pancragen,WWB,110.00,t,peptide,,64K2M,j4mes_r,20mg,,,2026-04-15 17:12:05.611599+00,2026-04-15 17:12:05.611599+00,,,t,,t
b595cab0-0c24-487a-bebb-ec3cc8fbcf8d,Prostamax,WWB,110.00,t,peptide,,64K2M,j4mes_r,20mg,,,2026-04-15 17:12:05.636805+00,2026-04-15 17:12:05.636805+00,,,t,,t
30c95576-c355-4da7-a64f-7fe280fca68e,Vilon,WWB,110.00,t,peptide,,64K2M,j4mes_r,20mg,,,2026-04-15 17:12:05.686767+00,2026-04-15 17:12:05.686767+00,,,t,,t
9b4b76d4-014d-4dd7-bec9-7bb9adc76804,Testagen,WWB,110.00,t,peptide,,64K2M,j4mes_r,20mg,,,2026-04-15 17:12:05.711721+00,2026-04-15 17:12:05.711721+00,,,t,,t
5ab9735a-a931-4e22-860c-37accf80738b,Teriparatide,WWB,180.00,t,peptide,,64K2M,j4mes_r,10mg,,,2026-04-15 17:12:05.736622+00,2026-04-15 17:12:05.736622+00,,,t,,t
60e5d674-55da-4650-ba2c-fb99d1d28a88,BAC Water,WWB,10.00,t,other,,64K2M,j4mes_r,,,,2026-04-15 17:12:05.786909+00,2026-04-15 17:12:05.786909+00,,,t,,t
25d33ffb-a42f-4c70-abee-b3da3c47203c,BPC-157 Arg,WWB,45.00,t,peptide,,64K2M,j4mes_r,500mcg,,,2026-04-15 17:12:05.837661+00,2026-04-15 17:12:05.837661+00,,,t,,t
b1fb6052-8b0c-44b3-a145-44b2a88c2228,BPC-157,WWB,35.00,t,peptide,,64K2M,j4mes_r,500mcg,,,2026-04-15 17:12:05.862995+00,2026-04-15 17:12:05.862995+00,,,t,,t
2a4e517c-4ece-4cfa-9b5a-830250ffbbc4,Tesofensine,WWB,35.00,t,other,,64K2M,j4mes_r,500mcg,,,2026-04-15 17:12:05.88791+00,2026-04-15 17:12:05.88791+00,,,t,,t
59073f2c-5b33-42b5-89c2-381c07e1e30e,SLU-PP-332,WWB,18.00,t,sarm,,64K2M,j4mes_r,250mcg,,,2026-04-15 17:12:05.938552+00,2026-04-15 17:12:05.938552+00,,,t,,t
69f82855-9de6-4bf8-a9f7-547fc5c01543,SLU-PP-332,WWB,110.00,t,sarm,,64K2M,j4mes_r,50mg,,,2026-04-15 17:12:06.0676+00,2026-04-15 17:12:06.0676+00,,,t,,t
50bb5f3f-e3bc-484a-aff7-a78c699f4e42,ANAVAR,WWB,40.00,t,aas,,64K2M,j4mes_r,10mg,,,2026-04-15 17:12:06.117803+00,2026-04-15 17:12:06.117803+00,,,t,,t
76551a56-6da6-456e-960c-ee527001db61,DIANABOL,WWB,25.00,t,aas,,64K2M,j4mes_r,20mg,,,2026-04-15 17:12:06.244218+00,2026-04-15 17:12:06.244218+00,,,t,,t
b6faefab-8b5b-4f57-898d-4d7d5b67fd48,Winstrol (Stanozolol),WWB,20.00,t,aas,,64K2M,j4mes_r,10mg,,,2026-04-15 17:12:06.292783+00,2026-04-15 17:12:06.292783+00,,,t,,t
47c4775e-9f0a-4479-9be3-6bdcc2621c2c,Winstrol (Stanozolol),WWB,40.00,t,aas,,64K2M,j4mes_r,50mg,,,2026-04-15 17:12:06.341313+00,2026-04-15 17:12:06.341313+00,,,t,,t
428cfb74-77de-4837-afa2-046784b6b8de,Turinabol,WWB,35.00,t,aas,,64K2M,j4mes_r,25mg,,,2026-04-15 17:12:06.389268+00,2026-04-15 17:12:06.389268+00,,,t,,t
1763222b-3e97-4a87-b5a7-794169b34dea,CLENBUTEROL,WWB,15.00,t,other,,64K2M,j4mes_r,40mcg,,,2026-04-15 17:12:06.43675+00,2026-04-15 17:12:06.43675+00,,,t,,t
462dce7f-6e7f-4cfe-aefd-9c819a050485,Letrazole,WWB,20.00,t,other,,64K2M,j4mes_r,2.5mg,,,2026-04-15 17:12:06.484017+00,2026-04-15 17:12:06.484017+00,,,t,,t
a0122f13-9f05-4645-b672-0b2e2b9de7ae,Fluoxymesterone (Halotestin),WWB,75.00,t,aas,,64K2M,j4mes_r,10mg,,,2026-04-15 17:12:06.511608+00,2026-04-15 17:12:06.511608+00,,,t,,t
a81633d3-edd8-45a0-982e-0f8bba683874,Proviron,WWB,45.00,t,aas,,64K2M,j4mes_r,25mg,,,2026-04-15 17:12:06.560621+00,2026-04-15 17:12:06.560621+00,,,t,,t
86d4c4b4-a74f-4474-8fb1-d4f560e5aee2,Methenolone Acetate (Primobolan),WWB,120.00,t,aas,,64K2M,j4mes_r,50mg,,,2026-04-15 17:12:06.633311+00,2026-04-15 17:12:06.633311+00,,,t,,t
efdd727f-9fe5-4edf-9303-b0d7469d8002,Superdrol,WWB,25.00,t,aas,,64K2M,j4mes_r,10mg,,,2026-04-15 17:12:06.657083+00,2026-04-15 17:12:06.657083+00,,,t,,t
be901645-30c1-447e-921e-424c78993aca,Tamoxifen (Nolvadex),WWB,20.00,t,other,,64K2M,j4mes_r,20mg,,,2026-04-15 17:12:06.754314+00,2026-04-15 17:12:06.754314+00,,,t,,t
2d42bd86-4ccf-43b5-9b90-3fcc7437744c,Aromasin (Exemestane),WWB,30.00,t,other,,64K2M,j4mes_r,25mg,,,2026-04-15 17:12:06.778774+00,2026-04-15 17:12:06.778774+00,,,t,,t
424fc112-9c21-412e-ba7d-a7f2bcdf34d0,COCK BOMBS VIA+CIA Blend,WWB,20.00,t,other,,64K2M,j4mes_r,70mg,,,2026-04-15 17:12:06.877788+00,2026-04-15 17:12:06.877788+00,,,t,,t
486f4d4a-42ff-42bb-ae83-ecc37d20a439,MK-677 (Ibutamoren),WWB,30.00,t,sarm,,64K2M,j4mes_r,10mg,,,2026-04-15 17:12:07.001254+00,2026-04-15 17:12:07.001254+00,,,t,,t
31e16b73-40fa-49c5-9ba8-37eb544e5c9b,RAD140,WWB,45.00,t,sarm,,64K2M,j4mes_r,10mg,,,2026-04-15 17:12:07.049874+00,2026-04-15 17:12:07.049874+00,,,t,,t
5d138601-ca29-4b78-a64f-3bfaea811fd6,AICAR,WWB,45.00,t,peptide,,64K2M,j4mes_r,10mg,,,2026-04-15 17:12:07.099732+00,2026-04-15 17:12:07.099732+00,,,t,,t
3cf812af-0d21-4f11-9667-fb493db057a1,Andarine S4,WWB,25.00,t,sarm,,64K2M,j4mes_r,25mg,,,2026-04-15 17:12:07.127483+00,2026-04-15 17:12:07.127483+00,,,t,,t
1102b60a-d6de-4fd2-8c87-79cafe1a2c96,YK11,WWB,60.00,t,sarm,,64K2M,j4mes_r,10mg,,,2026-04-15 17:12:07.177446+00,2026-04-15 17:12:07.177446+00,,,t,,t
0e995831-4386-4a04-aad8-de19947faa6f,Prednisone,WWB,20.00,t,other,,64K2M,j4mes_r,10mg,,,2026-04-15 17:12:07.29911+00,2026-04-15 17:12:07.29911+00,,,t,,t
7d79b3ed-481f-4f44-8089-ad69d07599b6,Dutasteride,WWB,20.00,t,other,,64K2M,j4mes_r,1mg,,,2026-04-15 17:12:07.397183+00,2026-04-15 17:12:07.397183+00,,,t,,t
756e036c-390c-452a-aa2c-d1e78eaa0c2a,ivermectin,WWB,20.00,t,other,,64K2M,j4mes_r,5mg,,,2026-04-15 17:12:07.42085+00,2026-04-15 17:12:07.42085+00,,,t,,t
11b9234f-61e8-4f7c-bcdc-5758fd338a8d,Minoxidil,WWB,15.00,t,other,,64K2M,j4mes_r,5mg,,,2026-04-15 17:12:07.445075+00,2026-04-15 17:12:07.445075+00,,,t,,t
08d0b14c-1be5-4265-95c1-c466d12a320f,Tirzepatide,WWB,20.00,t,peptide,,64K2M,j4mes_r,500mcg,,,2026-04-15 17:12:07.493114+00,2026-04-15 17:12:07.493114+00,,,t,,t
3ac6fd12-654d-40a6-b75a-8b78eeedd25a,Semaglutide,WWB,20.00,t,peptide,,64K2M,j4mes_r,500mcg,,,2026-04-15 17:12:07.516788+00,2026-04-15 17:12:07.516788+00,,,t,,t
0ca2795b-aa08-4033-a53e-bfc83524a096,Semaglutide,WWB,55.00,t,peptide,,64K2M,j4mes_r,3mg,,,2026-04-15 17:12:07.541265+00,2026-04-15 17:12:07.541265+00,,,t,,t
6f6e370f-e06d-42a8-9f65-27679c4a9d83,Methylene Blue,WWB,18.00,t,other,,64K2M,j4mes_r,20mg,,,2026-04-15 17:12:07.613318+00,2026-04-15 17:12:07.613318+00,,,t,,t
c130a033-2536-43e3-8458-b10ea57272d8,slupp-332 + BAM15 Blend,WWB,35.00,t,sarm,,64K2M,j4mes_r,300mcg,,,2026-04-15 17:12:07.637202+00,2026-04-15 17:12:07.637202+00,,,t,,t
6a2e72e9-4946-479d-b988-678d4c9733bc,BPC + TB500 Blend,WWB,135.00,t,peptide,,64K2M,j4mes_r,1000mcg,,,2026-04-15 17:12:07.660902+00,2026-04-15 17:12:07.660902+00,,,t,,t
p118,Vesilute 20mg,Uther,120.00,t,,118,,,,321,,2026-03-18 15:19:11.007+00,2026-05-05 19:15:04.144+00,,,t,,f
p019,BAC water 10ml,Uther,25.00,t,,18,,,,468,,2026-03-18 15:19:10.721+00,2026-05-05 19:15:04.144+00,,,t,,f
c9b9e308-ebd2-4232-9954-461c7ebbd8b8,TEST CYPIOΝΑΤΕ,WWB,10.00,t,aas,,64K2M,j4mes_r,50mg,,,2026-04-15 17:12:07.817535+00,2026-04-15 17:12:07.817535+00,,,t,,t
dd859c65-e615-4e3a-805d-1fd3ab4e0846,TEST CYPIOΝΑΤΕ,WWB,15.00,t,aas,,64K2M,j4mes_r,250mg,,,2026-04-15 17:12:07.841801+00,2026-04-15 17:12:07.841801+00,,,t,,t
12b115b2-ccfc-4906-af6a-3afab8d7d03d,TEST P,WWB,10.00,t,aas,,64K2M,j4mes_r,100mg,,,2026-04-15 17:12:07.914778+00,2026-04-15 17:12:07.914778+00,,,t,,t
c70092f4-363c-4d7f-9529-782827b4b720,TEST P,WWB,12.00,t,aas,,64K2M,j4mes_r,200mg,,,2026-04-15 17:12:07.938934+00,2026-04-15 17:12:07.938934+00,,,t,,t
6a274e5a-f480-4adc-91fa-94f88eb17afe,TEST Undecanoate 300,WWB,15.00,t,aas,,64K2M,j4mes_r,300mg,,,2026-04-15 17:12:07.963362+00,2026-04-15 17:12:07.963362+00,,,t,,t
45d84fd1-90c9-48f3-9315-10df2195b2c5,Trenbolone Acetate + Drostanolone Propionate + Testosterone Propionate Blend,WWB,35.00,t,aas,,64K2M,j4mes_r,300mg,,,2026-04-15 17:12:08.011178+00,2026-04-15 17:12:08.011178+00,,,t,,t
90b0f33c-068b-4bde-ba16-6931145e6c0e,Trenbolone Enanthate + Drostanolone Enanthate + Testosterone Enathate Blend,WWB,55.00,t,aas,,64K2M,j4mes_r,375mg,,,2026-04-15 17:12:08.035115+00,2026-04-15 17:12:08.035115+00,,,t,,t
e9835a41-94f5-4bff-b882-c93c5eb01c06,Trenbolone Enanthate + Testosterone Proplonate + Drostanolone Enanthate Blend,WWB,55.00,t,aas,,64K2M,j4mes_r,500mg,,,2026-04-15 17:12:08.060225+00,2026-04-15 17:12:08.060225+00,,,t,,t
8c15ede9-68a7-4a66-b5f9-221ca273e2b2,TEST SUSPENSION,WWB,10.00,t,aas,,64K2M,j4mes_r,100mg,,,2026-04-15 17:12:08.084509+00,2026-04-15 17:12:08.084509+00,,,t,,t
635c2f79-4cfb-4027-abb3-995cb6b360a8,Tren E,WWB,30.00,t,aas,,64K2M,j4mes_r,200mg,,,2026-04-15 17:12:08.161019+00,2026-04-15 17:12:08.161019+00,,,t,,t
a0a31cd0-7105-4dbf-bdc2-ef08be967495,Tren Hex,WWB,35.00,t,aas,,64K2M,j4mes_r,100mg,,,2026-04-15 17:12:08.211776+00,2026-04-15 17:12:08.211776+00,,,t,,t
093ccb26-6f88-489c-a83f-a922579e8893,DECA (ND),WWB,16.00,t,aas,,64K2M,j4mes_r,200mg,,,2026-04-15 17:12:08.335811+00,2026-04-15 17:12:08.335811+00,,,t,,t
1db309ad-54e0-4ed1-a150-43ad83234193,DECA (ND),WWB,20.00,t,aas,,64K2M,j4mes_r,300mg,,,2026-04-15 17:12:08.361855+00,2026-04-15 17:12:08.361855+00,,,t,,t
0718b0bc-40db-4d61-9d93-088c4d0a2a25,NPP,WWB,15.00,t,aas,,64K2M,j4mes_r,100mg,,,2026-04-15 17:12:08.386834+00,2026-04-15 17:12:08.386834+00,,,t,,t
b1fd55eb-c663-41e0-8cad-46eca1469417,NANDROMIX,WWB,30.00,t,aas,,64K2M,j4mes_r,300mg,,,2026-04-15 17:12:08.43592+00,2026-04-15 17:12:08.43592+00,,,t,,t
5fdf59d7-6167-4e39-ac22-c3d77e11cf6c,Sustanon,WWB,15.00,t,aas,,64K2M,j4mes_r,250mg,,,2026-04-15 17:12:08.4853+00,2026-04-15 17:12:08.4853+00,,,t,,t
83199452-0560-401d-a789-cfc5d49ac259,Sustanon,WWB,18.00,t,aas,,64K2M,j4mes_r,400mg,,,2026-04-15 17:12:08.510128+00,2026-04-15 17:12:08.510128+00,,,t,,t
77d2a090-b472-4ec0-9f7e-8bce9aedf2a7,Supertest,WWB,20.00,t,aas,,64K2M,j4mes_r,450mg,,,2026-04-15 17:12:08.539378+00,2026-04-15 17:12:08.539378+00,,,t,,t
ce08f0df-93d7-4bb2-b9d8-b41a8b848089,Testo,WWB,15.00,t,aas,,64K2M,j4mes_r,600mg,,,2026-04-15 17:12:08.563876+00,2026-04-15 17:12:08.563876+00,,,t,,t
857067fb-abde-4df8-939a-651182431bc5,STANOZOLOL (Water) winstrol,WWB,15.00,t,aas,,64K2M,j4mes_r,100mg,,,2026-04-15 17:12:08.638184+00,2026-04-15 17:12:08.638184+00,,,t,,t
7b854bfe-39bd-4b81-959c-5d036b83ad3b,BU (EQUIPOISE),WWB,15.00,t,aas,,64K2M,j4mes_r,200mg,,,2026-04-15 17:12:08.663866+00,2026-04-15 17:12:08.663866+00,,,t,,t
8bf876f7-2cf4-4715-82ef-bc2de64a5538,BU (EQUIPOISE),WWB,18.00,t,aas,,64K2M,j4mes_r,300mg,,,2026-04-15 17:12:08.689294+00,2026-04-15 17:12:08.689294+00,,,t,,t
000ef323-addc-48c6-931c-cddc3bd82316,Mast P (DP),WWB,35.00,t,aas,,64K2M,j4mes_r,100mg,,,2026-04-15 17:12:08.765652+00,2026-04-15 17:12:08.765652+00,,,t,,t
d9fe477b-f9d4-40a3-a68c-2c715cdbdffd,Mast E (DE),WWB,50.00,t,aas,,64K2M,j4mes_r,200mg,,,2026-04-15 17:12:08.790288+00,2026-04-15 17:12:08.790288+00,,,t,,t
433cbf42-e461-45b4-ac6a-2f0aaa2e3925,RIPEX Blend,WWB,30.00,t,aas,,64K2M,j4mes_r,225mg,,,2026-04-15 17:12:08.81542+00,2026-04-15 17:12:08.81542+00,,,t,,t
p052,Mots-C 20mg,Uther,95.00,t,,51,,,,-6,,2026-03-18 15:19:10.817+00,2026-05-05 19:15:04.144+00,,,t,,f
16267838-e1f8-4196-ac75-7069e2108db9,ANADROL (Oxymetholone),WWB,18.00,t,aas,,64K2M,j4mes_r,50mg,,,2026-04-15 17:12:08.865529+00,2026-04-15 17:12:08.865529+00,,,t,,t
2c4cf087-7afa-4596-825b-d108258c5369,DHB (1-Test Cyp),WWB,40.00,t,aas,,64K2M,j4mes_r,100mg,,,2026-04-15 17:12:08.890494+00,2026-04-15 17:12:08.890494+00,,,t,,t
p038,Kisspeptin 10mg,Uther,70.00,t,,37,,,,105,,2026-03-18 15:19:10.779+00,2026-05-05 19:15:04.144+00,,,t,,f
3eb40278-e85e-4a08-9aea-0d38fad03482,Metribolone,WWB,15.00,t,aas,,64K2M,j4mes_r,5mg,,,2026-04-15 17:12:08.94144+00,2026-04-15 17:12:08.94144+00,,,t,,t
08039cde-1414-4b07-a3be-d5d619d1049a,Estradial Cypionate,WWB,15.00,t,other,,64K2M,j4mes_r,10mg,,,2026-04-15 17:12:08.965956+00,2026-04-15 17:12:08.965956+00,,,t,,t
1479fa00-e629-4bdd-b95f-e5a1333cff5f,NAD+,WWB,15.00,t,peptide,,64K2M,j4mes_r,100mg,,,2026-04-15 17:12:08.990605+00,2026-04-15 17:12:08.990605+00,,,t,,t
7392cfb9-d8d0-4975-a052-1f6542f88bbd,Lipo-C,WWB,55.00,t,other,,64K2M,j4mes_r,120mg,,,2026-04-15 17:12:09.015447+00,2026-04-15 17:12:09.015447+00,,,t,,t
77711ee5-e1c5-4276-a0d7-98b2a445ae73,Lipo-C,WWB,60.00,t,other,,64K2M,j4mes_r,216mg,,,2026-04-15 17:12:09.040913+00,2026-04-15 17:12:09.040913+00,,,t,,t
b01b0372-26a3-4f09-8e16-921099076223,Lipo-C 【FOCUS],WWB,110.00,t,other,,64K2M,j4mes_r,425mg,,,2026-04-15 17:12:09.065995+00,2026-04-15 17:12:09.065995+00,,,t,,t
c71472ed-1e37-4b3b-a93c-e50a9f1f6072,Lipo-C FAT BLASTER,WWB,60.00,t,other,,64K2M,j4mes_r,500mg,,,2026-04-15 17:12:09.091747+00,2026-04-15 17:12:09.091747+00,,,t,,t
8b770ddf-4a86-43a2-9bec-51f3ef93a698,SUPER SHRED,WWB,110.00,t,other,,64K2M,j4mes_r,526mg,,,2026-04-15 17:12:09.11676+00,2026-04-15 17:12:09.11676+00,,,t,,t
3ef70cfa-40b0-465a-98ff-bb88e21ad222,Relaxation PM,WWB,110.00,t,other,,64K2M,j4mes_r,553mg,,,2026-04-15 17:12:09.141434+00,2026-04-15 17:12:09.141434+00,,,t,,t
b9c054cf-e548-46c6-9073-421b859be895,SUPER Human-Blend,WWB,110.00,t,other,,64K2M,j4mes_r,226mg,,,2026-04-15 17:12:09.169432+00,2026-04-15 17:12:09.169432+00,,,t,,t
c9226630-333a-4015-8fe2-397351c4cca4,Healthy Hair skin nails Blend,WWB,110.00,t,other,,64K2M,j4mes_r,,,,2026-04-15 17:12:09.194697+00,2026-04-15 17:12:09.194697+00,,,t,,t
0e2ec3ca-957f-4040-b352-6d9ee6ab05b9,Lipo Mino Mix,WWB,90.00,t,other,,64K2M,j4mes_r,,,,2026-04-15 17:12:09.219252+00,2026-04-15 17:12:09.219252+00,,,t,,t
87809017-1eb7-44e3-a4f8-d210e3334501,immunological enhancement,WWB,130.00,t,other,,64K2M,j4mes_r,,,,2026-04-15 17:12:09.244138+00,2026-04-15 17:12:09.244138+00,,,t,,t
4203b0ea-79b6-414a-8098-1d846f29a4d2,SHRED,WWB,100.00,t,other,,64K2M,j4mes_r,,,,2026-04-15 17:12:09.269659+00,2026-04-15 17:12:09.269659+00,,,t,,t
7859ba3d-4a65-4f16-b4b0-2fd471a1876d,GGH,WWB,110.00,t,other,,64K2M,j4mes_r,,,,2026-04-15 17:12:09.294574+00,2026-04-15 17:12:09.294574+00,,,t,,t
1e0217b9-b118-45f5-b455-191a9704b446,SZ352,WWB,100.00,t,other,,64K2M,j4mes_r,,,,2026-04-15 17:12:09.319052+00,2026-04-15 17:12:09.319052+00,,,t,,t
2efa474e-0103-4622-997e-9125a37f4e28,Lemon Bottle,WWB,60.00,t,other,,64K2M,j4mes_r,,,,2026-04-15 17:12:09.344379+00,2026-04-15 17:12:09.344379+00,,,t,,t
34eb0650-0b31-4c68-83db-1d94d4462cb8,D320 (vitamins),WWB,70.00,t,other,,64K2M,j4mes_r,20000iu,,,2026-04-15 17:12:09.369157+00,2026-04-15 17:12:09.369157+00,,,t,,t
71564316-83e1-4d97-8156-29e15719a915,B12,WWB,35.00,t,other,,64K2M,j4mes_r,1mg,,,2026-04-15 17:12:09.396944+00,2026-04-15 17:12:09.396944+00,,,t,,t
p108,Vilon 20mg,Uther,120.00,t,,108,,,,144,,2026-03-18 15:19:10.979+00,2026-05-05 19:15:04.144+00,,,t,,f
p125,Humanin,Uther,155.00,t,,125,,,,330,,2026-03-18 15:19:11.027+00,2026-05-05 19:15:04.144+00,,,t,,f
p049,Tesamorelin 10mg,Uther,125.00,t,,48,,,,261,,2026-03-18 15:19:10.808+00,2026-05-05 19:15:04.144+00,,,t,,f
p026,5-Amino-1MQ 50mg,Uther,75.00,t,,25,,,,393,,2026-03-18 15:19:10.74+00,2026-05-05 19:15:04.144+00,,,t,,f
p058,Thymosin Alpha-1 10mg,Uther,125.00,t,,57,,,,282,,2026-03-18 15:19:10.834+00,2026-05-05 19:15:04.144+00,,,t,,f
p008,Tirzepatide 100mg,Uther,220.00,t,,7,,,,185,,2026-03-18 15:19:10.691+00,2026-05-05 19:15:04.144+00,,,t,,f
p104,Pinealon 20mg,Uther,120.00,t,,104,,,,269,,2026-03-18 15:19:10.968+00,2026-05-05 19:15:04.144+00,,,t,,f
p107,Bronchogen 20mg,Uther,120.00,t,,107,,,,220,,2026-03-18 15:19:10.977+00,2026-05-05 19:15:04.144+00,,,t,,f
p111,Chonluten 20mg,Uther,120.00,t,,111,,,,147,,2026-03-18 15:19:10.988+00,2026-05-05 19:15:04.144+00,,,t,,f
p121,SNAP-8 1g,Uther,95.00,t,,121,,,,8,,2026-03-18 15:19:11.016+00,2026-05-05 19:15:04.144+00,,,t,,f
p120,AHK-CU 10g Raw,Uther,175.00,t,,120,,,,81,,2026-03-18 15:19:11.013+00,2026-05-05 19:15:04.144+00,,,t,,f
p018,GAC water 10ml,Uther,25.00,t,,17,,,,571,,2026-03-18 15:19:10.719+00,2026-05-05 19:15:04.144+00,,,t,,f
p020,GAC water 3ml,Uther,15.00,t,,19,,,,966,,2026-03-18 15:19:10.724+00,2026-05-05 19:15:04.144+00,,,t,,f
p110,Cortagen 20mg,Uther,120.00,t,,110,,,,70,,2026-03-18 15:19:10.985+00,2026-05-05 19:15:04.144+00,,,t,,f
prod-7f951ac1,Shipping USA,UPS,13.00,t,Shipping,,GW5JW,mkp_uk,,,,2026-05-02 08:09:19.156738+00,2026-05-02 08:11:12.334+00,,,t,,f
p010,Retatrutide 20mg,Uther,120.00,t,,9,,,,-17,,2026-03-18 15:19:10.697+00,2026-05-05 19:15:04.144+00,,,t,,f
247f37ff-f554-40f1-922e-88ddcc2cb222,BPC 157,WWB,35.00,t,peptide,,Q8K94,j4mes_r,5mg,,,2026-04-27 06:27:47.957405+00,2026-05-06 06:36:51.984+00,,,t,,f
661eed0b-8fb5-43c2-87e3-98a2baec3cc3,AOD9604,WWB,150.00,t,peptide,,Q8K94,j4mes_r,10mg,,,2026-04-27 06:27:48.097349+00,2026-05-06 06:36:52.618+00,,,t,,f
8928603b-f60e-4a05-883a-b4deafd0bf83,Tirzepatide,WWB,110.00,t,peptide,,Q8K94,j4mes_r,40mg,,,2026-04-27 06:27:47.370008+00,2026-05-06 06:36:39.643+00,,,t,,f
5f938532-bdb0-489a-9b4f-f7c34dbe0423,Tirzepatide,WWB,230.00,t,peptide,,Q8K94,j4mes_r,100mg,,,2026-04-27 06:27:47.447728+00,2026-05-06 06:36:40.508+00,,,t,,f
12e65fd0-7c8d-47ad-8b78-5da2807cf179,Semaglutide,WWB,25.00,t,peptide,,Q8K94,j4mes_r,2mg,,,2026-04-27 06:27:47.474786+00,2026-05-06 06:36:42.405+00,,,t,,f
5ad8b67f-0b26-47fa-aee2-639840e7a6d3,Semaglutide,WWB,35.00,t,peptide,,Q8K94,j4mes_r,5mg,,,2026-04-27 06:27:47.504479+00,2026-05-06 06:36:42.975+00,,,t,,f
943553c0-420b-4913-ad2d-b65707ecfcf2,Semaglutide,WWB,50.00,t,peptide,,Q8K94,j4mes_r,10mg,,,2026-04-27 06:27:47.530703+00,2026-05-06 06:36:43.478+00,,,t,,f
8239c9e6-e1f4-4690-adb4-84a13c8d46b4,Semaglutide,WWB,60.00,t,peptide,,Q8K94,j4mes_r,15mg,,,2026-04-27 06:27:47.55726+00,2026-05-06 06:36:45.025+00,,,t,,f
848c99dd-3330-42e1-a7ac-97f777be63d1,Semaglutide,WWB,70.00,t,peptide,,Q8K94,j4mes_r,20mg,,,2026-04-27 06:27:47.589029+00,2026-05-06 06:36:45.645+00,,,t,,f
52419722-a32f-4ffc-a70d-320ca5b65e03,Semaglutide,WWB,90.00,t,peptide,,Q8K94,j4mes_r,30mg,,,2026-04-27 06:27:47.618397+00,2026-05-06 06:36:46.239+00,,,t,,f
715e356e-5376-4bb4-8093-3b05da133d63,Retatrutide,WWB,80.00,t,peptide,,Q8K94,j4mes_r,10mg,,,2026-04-27 06:27:47.668446+00,2026-05-06 06:36:47.835+00,,,t,,f
cf2dca84-99e7-4b69-bc3b-9015cc9ac8fe,Retatrutide,WWB,120.00,t,peptide,,Q8K94,j4mes_r,20mg,,,2026-04-27 06:27:47.720212+00,2026-05-06 06:36:48.315+00,,,t,,f
e69b1414-ea19-4caa-92c9-6202b5e07a86,TB-500 (TB4),WWB,65.00,t,peptide,,Q8K94,j4mes_r,5mg,,,2026-04-27 06:27:47.853029+00,2026-05-06 06:36:49.027+00,,,t,,f
712dee4b-a1e3-4c8e-b1e9-e7cfa6bf28f9,TB-500 (TB4),WWB,120.00,t,peptide,,Q8K94,j4mes_r,10mg,,,2026-04-27 06:27:47.879184+00,2026-05-06 06:36:49.591+00,,,t,,f
5e68fa22-f61c-43a4-b945-85db7c9a72af,TB-500 (TB4),WWB,200.00,t,peptide,,Q8K94,j4mes_r,20mg,,,2026-04-27 06:27:47.905484+00,2026-05-06 06:36:50.145+00,,,t,,f
4cb0a10d-7b73-4c65-ac79-0d760c0937b9,TB-500 FRAG,WWB,85.00,t,peptide,,Q8K94,j4mes_r,10mg,,,2026-04-27 06:27:47.930715+00,2026-05-06 06:36:51.492+00,,,t,,f
27f8e0e4-07e4-409b-9290-3d35b6e71887,BPC157 5mg+TB500 5mg Blend,WWB,85.00,t,peptide,,Q8K94,j4mes_r,10mg,,,2026-04-27 06:27:48.123113+00,2026-05-06 06:36:54.105+00,,,t,,f
b41e3ca6-fef4-42e3-91a5-83bf91fb0383,BPC157 10mg+TB500 10mg Blend,WWB,150.00,t,peptide,,Q8K94,j4mes_r,20mg,,,2026-04-27 06:27:48.150175+00,2026-05-06 06:36:54.75+00,,,t,,f
d0918fc3-6133-4cf0-96cd-8befe26563c4,BPC157 10mg+TB500 10mg+KPV 10mg Blend,WWB,180.00,t,peptide,,Q8K94,j4mes_r,30mg,,,2026-04-27 06:27:48.175524+00,2026-05-06 06:36:55.318+00,,,t,,f
53a70b2f-96b4-4a04-b38b-8ac0bff0051b,(GLOW) GHK-CU 35mg+TB500 10mg+BPC157 5mg Blend,WWB,150.00,t,peptide,,Q8K94,j4mes_r,50mg,,,2026-04-27 06:27:48.201566+00,2026-05-06 06:36:56.023+00,,,t,,f
fb170318-3e2e-4073-9b6e-87bea9559a13,(GLOW) GHK-CU 50mg+TB500 10mg+BPC157 10mg Blend,WWB,170.00,t,peptide,,Q8K94,j4mes_r,70mg,,,2026-04-27 06:27:48.228836+00,2026-05-06 06:36:56.574+00,,,t,,f
76323ba4-7abe-47e9-993c-d8c4fc67ca12,(KLOW) GHK-CU 50mg+TB500 10mg+BPC157 10mg+KPV 10mg Blend,WWB,190.00,t,peptide,,Q8K94,j4mes_r,80mg,,,2026-04-27 06:27:48.255269+00,2026-05-06 06:36:57.812+00,,,t,,f
7985d5e9-3e37-4385-b034-f17c766c2557,Tesamorelin 11mg + Ipamorelin 6mg Blend,WWB,165.00,t,peptide,,Q8K94,j4mes_r,17mg,,,2026-04-27 06:27:48.283834+00,2026-05-06 06:36:58.343+00,,,t,,f
30f33067-bd2e-45cc-9240-914a21787021,Cagrilintide 5mg+Semaglutide 5mg Blend,WWB,110.00,t,peptide,,Q8K94,j4mes_r,10mg,,,2026-04-27 06:27:48.309136+00,2026-05-06 06:36:58.873+00,,,t,,f
65aaa285-9631-4bb0-8c5b-06b806291c69,Retatrutide 5mg+Cagrilintide 5mg Blend,WWB,140.00,t,peptide,,Q8K94,j4mes_r,10mg,,,2026-04-27 06:27:48.333766+00,2026-05-06 06:36:59.374+00,,,t,,f
5df3db9c-9831-4e39-8248-2c12d6e230b2,Selank 10mg + Semax 10mg Blend,WWB,90.00,t,peptide,,Q8K94,j4mes_r,20mg,,,2026-04-27 06:27:48.358926+00,2026-05-06 06:37:00.99+00,,,t,,f
146d7488-665d-4398-a2da-381cb18ac7d2,NAD+100mg+Mots-C 10mg+5-Amion 1MQ 10mg Blend,WWB,140.00,t,peptide,,Q8K94,j4mes_r,120mg,,,2026-04-27 06:27:48.384213+00,2026-05-06 06:37:01.493+00,,,t,,f
prod-45ea439b,test,test,2.00,t,,,522CU,iam0121,,,,2026-04-15 17:45:46.3277+00,2026-04-15 17:45:46.3277+00,,,t,,t
aa93a23e-4ea6-4086-a735-ec8e5fd5860f,CJC-1295 without DAC 5mg + IPA 5mg Blend,WWB,90.00,t,peptide,,Q8K94,j4mes_r,10mg,,,2026-04-27 06:27:48.411809+00,2026-05-06 06:37:02.037+00,,,t,,f
5a1cc3c2-424f-40ef-a4a0-d56d39a0d32f,CJC-1295 without DAC 10mg + IPA 10mg Blend,WWB,160.00,t,peptide,,Q8K94,j4mes_r,20mg,,,2026-04-27 06:27:48.438473+00,2026-05-06 06:37:04.143+00,,,t,,f
220e4592-f455-40be-919b-069f999ed00d,CJC-1295 Whitout DAC,WWB,70.00,t,peptide,,Q8K94,j4mes_r,5mg,,,2026-04-27 06:27:48.465749+00,2026-05-06 06:37:04.697+00,,,t,,f
4e165021-0320-48e0-bac6-4204e2b07f61,Cagrilintide,WWB,70.00,t,peptide,,Q8K94,j4mes_r,5mg,,,2026-04-27 06:27:48.59977+00,2026-05-06 06:37:05.221+00,,,t,,f
587e3f28-69e0-4a9f-9d13-e68ca9c7f448,Cerebrolysin,WWB,50.00,t,peptide,,Q8K94,j4mes_r,60mg,,,2026-04-27 06:27:48.679192+00,2026-05-06 06:37:05.804+00,,,t,,f
0ac89dc1-4ba7-4037-8753-5a9994057f83,DSIP,WWB,40.00,t,peptide,,Q8K94,j4mes_r,5mg,,,2026-04-27 06:27:48.706047+00,2026-05-06 06:37:07.621+00,,,t,,f
26067368-3f1d-4384-a760-1dcc28b76ec4,DSIP,WWB,60.00,t,peptide,,Q8K94,j4mes_r,10mg,,,2026-04-27 06:27:48.733686+00,2026-05-06 06:37:08.244+00,,,t,,f
9919ea5b-03b6-400b-b669-b3f400c32680,Epithalon,WWB,40.00,t,peptide,,Q8K94,j4mes_r,10mg,,,2026-04-27 06:27:48.869704+00,2026-05-06 06:37:08.814+00,,,t,,f
53f45df5-11ed-4b24-a84e-8d2d02b0728d,Epithalon,WWB,135.00,t,peptide,,Q8K94,j4mes_r,40mg,,,2026-04-27 06:27:48.895444+00,2026-05-06 06:37:09.293+00,,,t,,f
31ff1e8a-4613-4e13-9957-6ae1446f6daa,EPO,WWB,95.00,t,peptide,,Q8K94,j4mes_r,3000iu,,,2026-04-27 06:27:48.953311+00,2026-05-06 06:37:10.408+00,,,t,,f
4f98f003-76ff-47df-b34f-db91007a742e,FOXO4,WWB,315.00,t,peptide,,Q8K94,j4mes_r,10mg,,,2026-04-27 06:27:48.979945+00,2026-05-06 06:37:12.011+00,,,t,,f
bba4e585-bc8e-4c64-8716-ff7220f8b213,AHK-CU,WWB,65.00,t,peptide,,Q8K94,j4mes_r,100mg,,,2026-04-27 06:27:49.006326+00,2026-05-06 06:37:12.663+00,,,t,,f
5f1d8277-9139-4773-aa20-9fd7b93ae4fa,GHK-CU,WWB,30.00,t,peptide,,Q8K94,j4mes_r,50mg,,,2026-04-27 06:27:49.058078+00,2026-05-06 06:37:13.373+00,,,t,,f
84eb7eeb-7eb0-44af-8e82-2e0f25048683,GHK-CU,WWB,45.00,t,peptide,,Q8K94,j4mes_r,100mg,,,2026-04-27 06:27:49.083721+00,2026-05-06 06:37:13.882+00,,,t,,f
032c0439-c49d-4f60-ba73-97ce91ed461e,GHRP-2 Acetate,WWB,30.00,t,peptide,,Q8K94,j4mes_r,5mg,,,2026-04-27 06:27:49.110204+00,2026-05-06 06:37:14.432+00,,,t,,f
0aaebd8d-6d00-4134-87b9-d9480aa4b842,GHRP-2 Acetate,WWB,50.00,t,peptide,,Q8K94,j4mes_r,10mg,,,2026-04-27 06:27:49.136484+00,2026-05-06 06:37:16.058+00,,,t,,f
31b2164a-4235-4861-970d-66cd2d8245fd,GHRP-6 Acetate,WWB,30.00,t,peptide,,Q8K94,j4mes_r,5mg,,,2026-04-27 06:27:49.162646+00,2026-05-06 06:37:16.967+00,,,t,,f
25446adb-f119-481a-b1a5-ebe13f2e86f4,GHRP-6 Acetate,WWB,50.00,t,peptide,,Q8K94,j4mes_r,10mg,,,2026-04-27 06:27:49.194994+00,2026-05-06 06:37:17.467+00,,,t,,f
3dd5fc6b-0fb9-4f6b-be1a-3693b50faced,Glutathione,WWB,85.00,t,peptide,,Q8K94,j4mes_r,1500mg,,,2026-04-27 06:27:49.220766+00,2026-05-06 06:37:17.973+00,,,t,,f
55731abc-151e-4b17-8289-4f26dd4631e0,HGH 191AA (Somatropin),WWB,50.00,t,peptide,,Q8K94,j4mes_r,10iu,,,2026-04-27 06:27:49.298008+00,2026-05-06 06:37:18.551+00,,,t,,f
91355516-dbec-4af0-9566-fca598d76a86,HGH 191AA (Somatropin),WWB,70.00,t,peptide,,Q8K94,j4mes_r,15iu,,,2026-04-27 06:27:49.353281+00,2026-05-06 06:37:19.339+00,,,t,,f
0668c7ed-8f87-4055-b4b5-05fa34f9d39b,HGH 191AA (Somatropin),WWB,140.00,t,peptide,,Q8K94,j4mes_r,36iu,,,2026-04-27 06:27:49.408201+00,2026-05-06 06:50:30.253+00,,,t,,f
261744ea-41a8-4d0c-bca3-b9fddd3df570,HGH 191AA (Somatropin),WWB,190.00,t,peptide,,Q8K94,j4mes_r,50iu,,,2026-04-27 06:27:49.434671+00,2026-05-06 06:50:30.531+00,,,t,,f
918cc90b-45b4-424e-bdff-c977029a0844,Humanin,WWB,180.00,t,peptide,,Q8K94,j4mes_r,10mg,,,2026-04-27 06:27:49.463939+00,2026-05-06 06:50:31.187+00,,,t,,f
23da2497-60e5-4fc8-accd-823a03edf373,HMG,WWB,60.00,t,peptide,,Q8K94,j4mes_r,75iu,,,2026-04-27 06:27:49.489922+00,2026-05-06 06:50:31.769+00,,,t,,f
5121c517-a102-406f-92d2-b0533f29f54a,Hexarelin,WWB,35.00,t,peptide,,Q8K94,j4mes_r,2mg,,,2026-04-27 06:27:49.515643+00,2026-05-06 06:50:34.099+00,,,t,,f
409f5318-60f6-422f-abbf-b36e9427d274,HCG,WWB,45.00,t,peptide,,Q8K94,j4mes_r,2000iu,,,2026-04-27 06:27:49.56995+00,2026-05-06 06:50:34.752+00,,,t,,f
0c94d155-4fe2-4ce7-9382-7c85b52490e7,HCG,WWB,130.00,t,peptide,,Q8K94,j4mes_r,10000iu,,,2026-04-27 06:27:49.635721+00,2026-05-06 06:50:35.269+00,,,t,,f
06a4c8b9-2313-47df-83b3-f381c823f03e,HGH Fragment 176-191,WWB,85.00,t,peptide,,Q8K94,j4mes_r,5mg,,,2026-04-27 06:27:49.687157+00,2026-05-06 06:50:35.89+00,,,t,,f
17b92d27-8450-441f-bc70-27db6dce1ec9,Hyaluronic acid,WWB,30.00,t,peptide,,Q8K94,j4mes_r,5mg,,,2026-04-27 06:27:49.713331+00,2026-05-06 06:50:36.417+00,,,t,,f
349ae4ac-2108-4714-9b52-5f660ef6b15e,Ipamorelin,WWB,35.00,t,peptide,,Q8K94,j4mes_r,5mg,,,2026-04-27 06:27:49.764877+00,2026-05-06 06:50:37.263+00,,,t,,f
a9be4fd1-fdc7-48cf-80c6-368bc648f047,IGF-1LR3,WWB,40.00,t,peptide,,Q8K94,j4mes_r,0.1mg,,,2026-04-27 06:27:49.818664+00,2026-05-06 06:50:38.822+00,,,t,,f
240f694c-9b07-48c5-a706-c20d4bc161de,IGF-1LR3,WWB,180.00,t,peptide,,Q8K94,j4mes_r,1mg,,,2026-04-27 06:27:49.843972+00,2026-05-06 06:50:39.364+00,,,t,,f
6c3bbef6-79af-4225-b96c-074d04c50d3f,KissPeptin-10,WWB,45.00,t,peptide,,Q8K94,j4mes_r,5mg,,,2026-04-27 06:27:49.869701+00,2026-05-06 06:50:39.906+00,,,t,,f
5f497aa4-5b32-4a54-9fc3-dd5989a789c4,KPV,WWB,40.00,t,peptide,,Q8K94,j4mes_r,5mg,,,2026-04-27 06:27:49.921088+00,2026-05-06 06:50:40.893+00,,,t,,f
d01c3b5c-c186-492c-b9c7-fa6059c618da,KPV,WWB,55.00,t,peptide,,Q8K94,j4mes_r,10mg,,,2026-04-27 06:27:49.951006+00,2026-05-06 06:50:41.828+00,,,t,,f
02b7eb54-e577-47e8-97c8-06b74f3c5aa4,KPV,WWB,150.00,t,peptide,,Q8K94,j4mes_r,30mg,,,2026-04-27 06:27:49.976709+00,2026-05-06 06:50:43.33+00,,,t,,f
53ce2a95-851c-4bfd-83e1-1328e69fc494,Liraglutide,WWB,110.00,t,peptide,,Q8K94,j4mes_r,10mg,,,2026-04-27 06:27:50.058564+00,2026-05-06 06:50:43.805+00,,,t,,f
18a25193-4793-4736-8de2-21d992b682a2,Liraglutide,WWB,170.00,t,peptide,,Q8K94,j4mes_r,30mg,,,2026-04-27 06:27:50.083614+00,2026-05-06 06:50:44.357+00,,,t,,f
51c68db9-26a8-45ff-bf00-979f8b00b211,MT-1,WWB,45.00,t,peptide,,Q8K94,j4mes_r,10mg,,,2026-04-27 06:27:50.116311+00,2026-05-06 06:50:44.949+00,,,t,,f
46d53598-a3b9-42f6-9fdb-d1353122bd56,MT-2,WWB,45.00,t,peptide,,Q8K94,j4mes_r,10mg,,,2026-04-27 06:27:50.142835+00,2026-05-06 06:50:45.481+00,,,t,,f
786dad32-ce05-4fa6-bf8e-342a5624c8c7,Mazdutide,WWB,110.00,t,peptide,,Q8K94,j4mes_r,5mg,,,2026-04-27 06:27:50.248565+00,2026-05-06 06:50:46.02+00,,,t,,f
59481c42-b780-48c5-b2f9-29ba6c393d0c,NAD+,WWB,35.00,t,peptide,,Q8K94,j4mes_r,100mg,,,2026-04-27 06:27:50.336798+00,2026-05-06 06:50:46.546+00,,,t,,f
35692293-39c4-45e1-9658-b11cd9713090,NAD+,WWB,70.00,t,peptide,,Q8K94,j4mes_r,500mg,,,2026-04-27 06:27:50.39032+00,2026-05-06 06:50:49.666+00,,,t,,f
44472936-1039-422f-8acb-3ee9f9c81170,NAD+,WWB,120.00,t,peptide,,Q8K94,j4mes_r,1000mg,,,2026-04-27 06:27:50.416342+00,2026-05-06 06:50:50.242+00,,,t,,f
b3cd1824-3bf7-45c8-8863-89675f0abc03,Oxytocin Acetate,WWB,45.00,t,peptide,,Q8K94,j4mes_r,5mg,,,2026-04-27 06:27:50.4696+00,2026-05-06 06:50:50.839+00,,,t,,f
5474f07c-6301-401a-888e-820ab2db865a,P21-adamantane,WWB,295.00,t,peptide,,Q8K94,j4mes_r,10mg,,,2026-04-27 06:27:50.578932+00,2026-05-06 06:50:52.441+00,,,t,,f
3c9198c9-c03e-466f-9194-5cb0fe1f2861,PEG MGF,WWB,75.00,t,peptide,,Q8K94,j4mes_r,2mg,,,2026-04-27 06:27:50.632395+00,2026-05-06 06:50:53.104+00,,,t,,f
84c4f61e-cb60-4265-a449-85961d7c22eb,Selank,WWB,55.00,t,peptide,,Q8K94,j4mes_r,10mg,,,2026-04-27 06:27:50.965162+00,2026-05-06 06:50:54.91+00,,,t,,f
32ce6b71-bcaf-433b-babf-0afaf674990d,Selank,WWB,120.00,t,peptide,,Q8K94,j4mes_r,30mg,,,2026-04-27 06:27:50.991889+00,2026-05-06 06:50:55.405+00,,,t,,f
1b325f48-ec2e-4ceb-bb44-013e91df2e43,Semax,WWB,55.00,t,peptide,,Q8K94,j4mes_r,10mg,,,2026-04-27 06:27:51.053388+00,2026-05-06 06:50:56.967+00,,,t,,f
d1e5b37b-09fb-4689-9740-62808691c2b8,NA Selank amidate,WWB,130.00,t,peptide,,Q8K94,j4mes_r,30mg,,,2026-04-27 06:27:51.10684+00,2026-05-06 06:50:57.657+00,,,t,,f
8fd0017b-77a3-4446-aa40-89e34acca529,Sermorelin Acetate,WWB,110.00,t,peptide,,Q8K94,j4mes_r,10mg,,,2026-04-27 06:27:51.185805+00,2026-05-06 06:50:58.17+00,,,t,,f
bdd3e990-aa09-4a83-8478-b507f31ef4ca,Tesamorelin,WWB,50.00,t,peptide,,Q8K94,j4mes_r,2mg,,,2026-04-27 06:27:51.245816+00,2026-05-06 06:50:58.666+00,,,t,,f
5d6caf07-35d7-4cc9-9856-00cac55d365c,Tesamorelin,WWB,130.00,t,peptide,,Q8K94,j4mes_r,10mg,,,2026-04-27 06:27:51.301041+00,2026-05-06 06:50:59.137+00,,,t,,f
0a6e8249-a821-4e3a-867b-004e09efaf92,Thymalin,WWB,165.00,t,peptide,,Q8K94,j4mes_r,10mg,,,2026-04-27 06:27:51.35177+00,2026-05-06 06:50:59.716+00,,,t,,f
1b82b3db-b365-4984-a853-0a6b6129cd6c,VIP,WWB,80.00,t,peptide,,Q8K94,j4mes_r,5mg,,,2026-04-27 06:27:51.437109+00,2026-05-06 06:51:00.233+00,,,t,,f
00a4ee81-911b-43af-bfd5-1de8fd4698ea,VIP,WWB,140.00,t,peptide,,Q8K94,j4mes_r,10mg,,,2026-04-27 06:27:51.462487+00,2026-05-06 07:03:04.944+00,,,t,,f
054f25ed-bdb0-4164-a828-20911f35b9ab,5-amino-1mq,WWB,75.00,t,peptide,,Q8K94,j4mes_r,50mg,,,2026-04-27 06:27:51.544876+00,2026-05-06 07:03:05.444+00,,,t,,f
9db7e8cf-f4c8-4258-b911-c45d9f9791b9,Alprostadil,WWB,110.00,t,peptide,,Q8K94,j4mes_r,20mcg,,,2026-04-27 06:27:51.598275+00,2026-05-06 07:03:05.922+00,,,t,,f
0eaf5508-b668-4524-b4ad-1add114801f1,Aicar,WWB,65.00,t,peptide,,Q8K94,j4mes_r,50mg,,,2026-04-27 06:27:51.623507+00,2026-05-06 07:03:06.408+00,,,t,,f
7785c6d1-cc98-4ecb-8673-9fbb499efd18,ACE-031,WWB,80.00,t,peptide,,Q8K94,j4mes_r,1mg,,,2026-04-27 06:27:51.649038+00,2026-05-06 07:03:06.935+00,,,t,,f
1133cfc3-cdfa-4d5f-a46b-991f9252dd40,Adipotide,WWB,65.00,t,peptide,,Q8K94,j4mes_r,2mg,,,2026-04-27 06:27:51.67436+00,2026-05-06 07:04:36.069+00,,,t,,f
44f125ed-dd4c-45f1-ad87-0a32897b94ea,Botulinum toxin,WWB,140.00,t,peptide,,Q8K94,j4mes_r,100iu,,,2026-04-27 06:27:51.749378+00,2026-05-06 07:04:36.613+00,,,t,,f
1247f8de-34b4-4335-804d-0d00e5d7f5d2,Cortagen,WWB,110.00,t,peptide,,Q8K94,j4mes_r,20mg,,,2026-04-27 06:27:51.827274+00,2026-05-06 07:04:37.14+00,,,t,,f
22475f1b-94b5-40e9-b827-045dbe278b1d,Chonluten,WWB,110.00,t,peptide,,Q8K94,j4mes_r,20mg,,,2026-04-27 06:27:51.853163+00,2026-05-06 07:04:37.635+00,,,t,,f
d5722317-5648-4f43-bf64-e71f370070b9,Crystagen,WWB,110.00,t,peptide,,Q8K94,j4mes_r,20mg,,,2026-04-27 06:27:51.880028+00,2026-05-06 07:04:38.149+00,,,t,,f
12bfca9b-5661-4ad6-adfd-f6d3f7ee5cbd,Ovagen,WWB,110.00,t,peptide,,Q8K94,j4mes_r,20mg,,,2026-04-27 06:27:51.958094+00,2026-05-06 07:04:40.267+00,,,t,,f
6670b669-3645-4250-9f62-41a50db1f6ec,Vesugen,WWB,110.00,t,peptide,,Q8K94,j4mes_r,20mg,,,2026-04-27 06:27:52.044426+00,2026-05-06 07:04:40.696+00,,,t,,f
5556342d-912c-4001-a64d-d1839129824e,AA Water,WWB,10.00,t,other,,Q8K94,j4mes_r,,,,2026-04-27 06:27:52.151719+00,2026-05-06 07:04:41.165+00,,,t,,f
64266ba6-d332-4a68-b5a4-cbe3f7844d96,BAM15,WWB,80.00,t,sarm,,Q8K94,j4mes_r,50mg,,,2026-04-27 06:27:52.3123+00,2026-05-06 07:04:41.76+00,,,t,,f
436bbcfa-d7bb-4ad3-b678-4a2146af8741,SLU-PP-332,WWB,20.00,t,sarm,,Q8K94,j4mes_r,500mcg,,,2026-04-27 06:27:52.364004+00,2026-05-06 07:04:43.233+00,,,t,,f
4c534de0-750e-4a84-acbe-922b0869dd3e,SLU-PP-332,WWB,23.00,t,sarm,,Q8K94,j4mes_r,1mg,,,2026-04-27 06:27:52.392275+00,2026-05-06 07:04:44.121+00,,,t,,f
c6232f4c-95e1-4d9d-a847-2b2a32e02917,SLU-PP-332,WWB,38.00,t,sarm,,Q8K94,j4mes_r,5mg,,,2026-04-27 06:27:52.420168+00,2026-05-06 07:04:44.544+00,,,t,,f
641a0ef6-30db-46a7-9713-ddf483bce31d,SLU-PP-332,WWB,68.00,t,sarm,,Q8K94,j4mes_r,20mg,,,2026-04-27 06:27:52.446149+00,2026-05-06 07:04:45.023+00,,,t,,f
98e7b8d6-1ac0-4818-83f5-7eecf8d0b659,SLU-PP-332,WWB,145.00,t,sarm,,Q8K94,j4mes_r,100mg,,,2026-04-27 06:27:52.49688+00,2026-05-06 07:04:45.529+00,,,t,,f
16f51a46-a199-4b98-8cb9-d7fa78e58a0e,ANAVAR,WWB,55.00,t,aas,,Q8K94,j4mes_r,25mg,,,2026-04-27 06:27:52.552817+00,2026-05-06 07:04:47.204+00,,,t,,f
33992d59-1765-4880-bd12-c722d0743477,ANAVAR,WWB,80.00,t,aas,,Q8K94,j4mes_r,50mg,,,2026-04-27 06:27:52.578743+00,2026-05-06 07:04:47.665+00,,,t,,f
34467936-c6a5-4088-a9ce-245336f023ac,ANADROL,WWB,35.00,t,aas,,Q8K94,j4mes_r,50mg,,,2026-04-27 06:27:52.604164+00,2026-05-06 07:04:48.129+00,,,t,,f
48efe888-f274-4f59-b7eb-90b2f214935d,DIANABOL,WWB,20.00,t,aas,,Q8K94,j4mes_r,10mg,,,2026-04-27 06:27:52.629065+00,2026-05-06 07:04:48.633+00,,,t,,f
b543d175-0242-462a-8edd-65b517a50e43,DIANABOL,WWB,40.00,t,aas,,Q8K94,j4mes_r,50mg,,,2026-04-27 06:27:52.680841+00,2026-05-06 07:04:49.12+00,,,t,,f
bc343e23-3863-4744-8ceb-eb3e96a8df76,Winstrol (Stanozolol),WWB,25.00,t,aas,,Q8K94,j4mes_r,20mg,,,2026-04-27 06:27:52.73466+00,2026-05-06 07:04:51.406+00,,,t,,f
225863ca-3e0b-4032-a6fe-d42e0f40bbef,Turinabol,WWB,25.00,t,aas,,Q8K94,j4mes_r,10mg,,,2026-04-27 06:27:52.788266+00,2026-05-06 07:04:52.134+00,,,t,,f
5c54e0a3-941c-471a-823e-ac65cef15f6d,Turinabol,WWB,55.00,t,aas,,Q8K94,j4mes_r,50mg,,,2026-04-27 06:27:52.837904+00,2026-05-06 07:04:52.901+00,,,t,,f
b24963aa-96c2-4774-9fca-19332240f93d,Clomid,WWB,20.00,t,other,,Q8K94,j4mes_r,50mg,,,2026-04-27 06:27:52.893539+00,2026-05-06 07:04:53.375+00,,,t,,f
7fb31e1a-3a14-4f8c-98d7-59761e773622,Proviron,WWB,25.00,t,aas,,Q8K94,j4mes_r,10mg,,,2026-04-27 06:27:52.97005+00,2026-05-06 07:04:53.892+00,,,t,,f
903c5898-ec01-4fc0-adf3-fa1bc57f5bf0,Methenolone Acetate (Primobolan),WWB,40.00,t,aas,,Q8K94,j4mes_r,10mg,,,2026-04-27 06:27:53.023694+00,2026-05-06 07:04:54.566+00,,,t,,f
7afcc401-4d6e-4cc2-b964-1c62ae709afb,Methenolone Acetate (Primobolan),WWB,70.00,t,aas,,Q8K94,j4mes_r,25mg,,,2026-04-27 06:27:53.050187+00,2026-05-06 07:04:56.017+00,,,t,,f
16827d61-6b0f-4f08-a1dc-1df46959afdc,T3,WWB,15.00,t,other,,Q8K94,j4mes_r,40mcg,,,2026-04-27 06:27:53.15455+00,2026-05-06 07:04:56.662+00,,,t,,f
1f6b409e-ac13-462c-920b-109de453096f,T4,WWB,15.00,t,other,,Q8K94,j4mes_r,40mcg,,,2026-04-27 06:27:53.180768+00,2026-05-06 07:04:57.143+00,,,t,,f
266e5643-6489-405d-83db-25324e0b9d35,ARIMIDEX,WWB,15.00,t,other,,Q8K94,j4mes_r,1mg,,,2026-04-27 06:27:53.259771+00,2026-05-06 07:04:57.621+00,,,t,,f
aef156e8-06ab-4e76-b922-3ea13cc80e25,Sildenafil (Viagra),WWB,15.00,t,pill,,Q8K94,j4mes_r,100mg,,,2026-04-27 06:27:53.288129+00,2026-05-06 07:04:58.138+00,,,t,,f
56dae4ed-595d-4234-9053-60f301b428d5,Tadanafil (Cialis),WWB,15.00,t,pill,,Q8K94,j4mes_r,20mg,,,2026-04-27 06:27:53.313135+00,2026-05-06 07:04:58.593+00,,,t,,f
208243ac-2d22-44f0-8fc9-983cfc4f3ad2,COCK BOMBS VIA 50mg+CIA 20mg,WWB,20.00,t,pill,,Q8K94,j4mes_r,70mg,,,2026-04-27 06:27:53.338911+00,2026-05-06 07:05:00.916+00,,,t,,f
238f36e2-7804-4045-86c3-f9aa43b05600,DHB (1-Test Cyp),WWB,30.00,t,aas,,Q8K94,j4mes_r,10mg,,,2026-04-27 06:27:53.363978+00,2026-05-06 07:05:01.742+00,,,t,,f
1142b6ee-a0b7-41ff-9381-d9b18d89aaef,SALBUTAMOL,WWB,20.00,t,other,,Q8K94,j4mes_r,20mg,,,2026-04-27 06:27:53.389196+00,2026-05-06 07:05:02.358+00,,,t,,f
4a49142c-f922-49c2-980d-f77bfda9ea36,Methylstenbolone,WWB,40.00,t,aas,,Q8K94,j4mes_r,10mg,,,2026-04-27 06:27:53.415086+00,2026-05-06 07:05:02.834+00,,,t,,f
55e03734-5f69-4455-a225-0cf569b9c09d,LGD-4033 (Ligandrol),WWB,30.00,t,sarm,,Q8K94,j4mes_r,10mg,,,2026-04-27 06:27:53.4411+00,2026-05-06 07:05:03.397+00,,,t,,f
0d206c8a-5404-4eb9-aef3-bc71298bf92a,SR9009,WWB,35.00,t,sarm,,Q8K94,j4mes_r,10mg,,,2026-04-27 06:27:53.492235+00,2026-05-06 07:05:04.838+00,,,t,,f
04894d06-4c59-4f36-9eaa-e46dab7bb322,Ostarine / MK-2866,WWB,30.00,t,sarm,,Q8K94,j4mes_r,25mg,,,2026-04-27 06:27:53.54413+00,2026-05-06 07:05:05.274+00,,,t,,f
1448d976-66de-42ba-a5e0-e47f1fddd164,GW-501516 (Cardarine),WWB,25.00,t,sarm,,Q8K94,j4mes_r,10mg,,,2026-04-27 06:27:53.621602+00,2026-05-06 07:05:05.791+00,,,t,,f
1616b303-6524-4b20-9af0-9bc3dfc3f270,Cabergoline,WWB,75.00,t,other,,Q8K94,j4mes_r,0.25mg,,,2026-04-27 06:27:53.67346+00,2026-05-06 07:05:06.309+00,,,t,,f
1a3fe26b-67ab-408c-b9af-b86c010826a6,17a-Methyl-1-testosterone,WWB,20.00,t,aas,,Q8K94,j4mes_r,10mg,,,2026-04-27 06:27:53.699855+00,2026-05-06 07:05:07.457+00,,,t,,f
1a89519a-db45-42b4-85e0-1ad103d7e537,Finasteride,WWB,20.00,t,other,,Q8K94,j4mes_r,1mg,,,2026-04-27 06:27:53.726363+00,2026-05-06 07:05:09.312+00,,,t,,f
a38822d2-ef6f-414e-a175-5d5908e10379,Finasteride,WWB,25.00,t,other,,Q8K94,j4mes_r,5mg,,,2026-04-27 06:27:53.751511+00,2026-05-06 07:05:10.186+00,,,t,,f
5016c7e9-6fac-42eb-bd89-6a22a94a4e69,DNP,WWB,60.00,t,other,,Q8K94,j4mes_r,200mg,,,2026-04-27 06:27:53.804003+00,2026-05-06 07:05:10.75+00,,,t,,f
90272d82-fd05-4822-ae6a-8672394c6fe7,Androxal (Enclomiphene),WWB,70.00,t,sarm,,Q8K94,j4mes_r,25mg,,,2026-04-27 06:27:53.831283+00,2026-05-06 07:05:11.299+00,,,t,,f
77301fce-3dde-4c61-a1d0-a1eaff2618fd,Telmisartan,WWB,20.00,t,other,,Q8K94,j4mes_r,40mg,,,2026-04-27 06:27:53.858698+00,2026-05-06 07:05:11.754+00,,,t,,f
8f8237c1-66a2-4e57-a7fc-de6a444c90ae,KPV,WWB,80.00,t,peptide,,Q8K94,j4mes_r,500mcg,,,2026-04-27 06:27:53.967216+00,2026-05-06 07:05:12.293+00,,,t,,f
51a52d11-2549-4db0-8c70-8f8667ec83b2,Semaglutide,WWB,85.00,t,peptide,,Q8K94,j4mes_r,7mg,,,2026-04-27 06:27:54.077994+00,2026-05-06 07:05:12.852+00,,,t,,f
78786894-b156-4d1e-98a4-e8ecedb9becf,slupp-332 250mcg+BAM15 50mcg Blend,WWB,35.00,t,sarm,,Q8K94,j4mes_r,300mcg,,,2026-04-27 06:27:54.156324+00,2026-05-06 07:05:14.428+00,,,t,,f
8981703b-d3f0-4705-9cd3-d2e5be5d1e6c,BPC 500mcg+TB500 500mcg Blend,WWB,135.00,t,peptide,,Q8K94,j4mes_r,1000mcg,,,2026-04-27 06:27:54.18207+00,2026-05-06 07:05:14.923+00,,,t,,f
1c37b1c0-d062-4fb8-966d-93b1f5571802,isotretinoin,WWB,18.00,t,other,,Q8K94,j4mes_r,10mg,,,2026-04-27 06:27:54.208099+00,2026-05-06 07:05:15.857+00,,,t,,f
94217581-4e51-45df-bb32-38c9d222e3ba,Dihexa,WWB,120.00,t,peptide,,Q8K94,j4mes_r,20mg,,,2026-04-27 06:27:54.236134+00,2026-05-06 07:05:16.364+00,,,t,,f
6424d6bf-095d-4082-bbf1-d121514f1734,dapoxetine,WWB,30.00,t,pill,,Q8K94,j4mes_r,30mg,,,2026-04-27 06:27:54.261351+00,2026-05-06 07:05:16.954+00,,,t,,f
234e4d28-9480-431e-a86d-804b8ba2ece8,Orforglipron,WWB,115.00,t,peptide,,Q8K94,j4mes_r,6mg,,,2026-04-27 06:27:54.287067+00,2026-05-06 07:05:17.436+00,,,t,,f
6405a4bc-e32d-4b5b-963f-94feab84e82a,Orforglipron,WWB,195.00,t,peptide,,Q8K94,j4mes_r,12mg,,,2026-04-27 06:27:54.312592+00,2026-05-06 07:05:19.246+00,,,t,,f
208e5932-7f98-45d2-8020-214839e5311b,TEST CYPIONATE,WWB,10.00,t,aas,,Q8K94,j4mes_r,50mg,,,2026-04-27 06:27:54.337497+00,2026-05-06 07:05:19.736+00,,,t,,f
e27d9424-4370-46b8-993a-4f18c5ba7743,TEST CYPIONATE,WWB,15.00,t,aas,,Q8K94,j4mes_r,250mg,,,2026-04-27 06:27:54.363254+00,2026-05-06 07:05:20.234+00,,,t,,f
aa02bd8e-9085-428b-b655-d8487662c41d,TEST ENANTHATE,WWB,15.00,t,aas,,Q8K94,j4mes_r,250mg,,,2026-04-27 06:27:54.388971+00,2026-05-06 07:05:20.737+00,,,t,,f
3301f262-3ccd-4bee-a769-6556e8615963,TEST ENANTHATE,WWB,17.00,t,aas,,Q8K94,j4mes_r,300mg,,,2026-04-27 06:27:54.415297+00,2026-05-06 07:05:21.249+00,,,t,,f
6229e352-7708-406f-9189-7f16f0c5b4b5,TEST BASE (NO Ester),WWB,12.00,t,aas,,Q8K94,j4mes_r,100mg,,,2026-04-27 06:27:54.522444+00,2026-05-06 07:05:23.094+00,,,t,,f
8b64dd82-0330-492b-8a48-0381b3520dee,Trenbolone Acetate 100mg Drostanolone Propionate 100mg Testosterone Propionate 100mg Blend,WWB,35.00,t,aas,,Q8K94,j4mes_r,300mg,,,2026-04-27 06:27:54.550718+00,2026-05-06 07:05:23.591+00,,,t,,f
f082641a-0a76-494f-9a0e-809ec9248db1,Trenbolone Enanthate 125mg Drostanolone Enanthate 125mg Testosterone Enathate 125mg Blend,WWB,55.00,t,aas,,Q8K94,j4mes_r,375mg,,,2026-04-27 06:27:54.576422+00,2026-05-06 07:05:24.098+00,,,t,,f
2280aab4-eafc-4352-8c63-1dc54a0f8b76,Trenbolone Enanthate 250mg Testosterone Proplonate 250mg Drostanolone Enanthate 250mg Blend,WWB,55.00,t,aas,,Q8K94,j4mes_r,500mg,,,2026-04-27 06:27:54.601708+00,2026-05-06 07:05:24.841+00,,,t,,f
45309e6e-6243-4f5c-a127-8dc5dc10adae,TEST SUSPENSION 100mg Testosterone Isocaproate 24mg Testosterone Phenylpropionate 24mg Testosterone Decanoate 40mg,WWB,10.00,t,aas,,Q8K94,j4mes_r,100mg,,,2026-04-27 06:27:54.627667+00,2026-05-06 07:05:25.337+00,,,t,,f
05669a12-6ee8-4664-9acd-6a45771a361f,Tren A,WWB,20.00,t,aas,,Q8K94,j4mes_r,100mg,,,2026-04-27 06:27:54.656851+00,2026-05-06 07:05:26.889+00,,,t,,f
ba24d15b-2898-4533-8b87-a92c3fde4b0c,Tren E,WWB,20.00,t,aas,,Q8K94,j4mes_r,100mg,,,2026-04-27 06:27:54.681689+00,2026-05-06 07:05:27.399+00,,,t,,f
45284c3f-0401-488a-a4ee-f261c92379b0,Tren BASE,WWB,20.00,t,aas,,Q8K94,j4mes_r,50mg,,,2026-04-27 06:27:54.732558+00,2026-05-06 07:05:27.955+00,,,t,,f
2b143385-90c1-4112-8fcc-51247754e087,TRENMIX,WWB,30.00,t,aas,,Q8K94,j4mes_r,200mg,,,2026-04-27 06:27:54.785357+00,2026-05-06 07:05:28.452+00,,,t,,f
3dfafa8a-f6f5-4de5-8c09-899c2981c240,TriTren,WWB,40.00,t,aas,,Q8K94,j4mes_r,225mg,,,2026-04-27 06:27:54.810963+00,2026-05-06 07:05:28.968+00,,,t,,f
3a045bdd-60e2-45fb-b7f6-9b184a50caa8,Primobolan E,WWB,45.00,t,aas,,Q8K94,j4mes_r,100mg,,,2026-04-27 06:27:54.836904+00,2026-05-06 07:05:29.478+00,,,t,,f
3def88c1-8458-4621-baa4-962d179a366c,Primobolan E,WWB,75.00,t,aas,,Q8K94,j4mes_r,200mg,,,2026-04-27 06:27:54.8624+00,2026-05-06 07:05:30.075+00,,,t,,f
b60917ba-54c6-46ea-8b51-00bb840a7616,NPP,WWB,18.00,t,aas,,Q8K94,j4mes_r,200mg,,,2026-04-27 06:27:54.969864+00,2026-05-06 07:05:32.211+00,,,t,,f
6f250912-6b66-47f6-97bc-bbb46f030bb8,NANDROMIX-300mg,WWB,30.00,t,aas,,Q8K94,j4mes_r,300mg,,,2026-04-27 06:27:54.997322+00,2026-05-06 07:05:34.311+00,,,t,,f
0a01f7be-b27f-4d38-b243-01dff95666ed,Superdrol (Methyldrostanolone),WWB,12.00,t,aas,,Q8K94,j4mes_r,50mg,,,2026-04-27 06:27:55.023108+00,2026-05-06 07:05:34.861+00,,,t,,f
eefdeb25-eec7-49a2-99d7-7840073c30eb,Testo-600mg,WWB,25.00,t,aas,,Q8K94,j4mes_r,600mg,,,2026-04-27 06:27:55.129543+00,2026-05-06 07:05:35.362+00,,,t,,f
576d697c-ec66-416d-8440-9096b9e16654,STANOZOLOL (Oil base) winstrol,WWB,15.00,t,aas,,Q8K94,j4mes_r,50mg,,,2026-04-27 06:27:55.155352+00,2026-05-06 07:05:35.871+00,,,t,,f
38afe44d-86d7-4a26-8a45-2c677a507faa,BU (EQUIPOISE),WWB,25.00,t,aas,,Q8K94,j4mes_r,600mg,,,2026-04-27 06:27:55.287433+00,2026-05-06 07:05:36.352+00,,,t,,f
08e608a3-726b-4f0f-9c3c-191e1dbc8c39,DIANABOL (Methandrostenolone),WWB,18.00,t,aas,,Q8K94,j4mes_r,50mg,,,2026-04-27 06:27:55.393161+00,2026-05-06 07:05:37.881+00,,,t,,f
5b1dede6-0d0f-448c-8915-91d30c1782f5,MENT (Trestolone acetate),WWB,40.00,t,aas,,Q8K94,j4mes_r,50mg,,,2026-04-27 06:27:55.44606+00,2026-05-06 07:05:38.36+00,,,t,,f
c080fa66-b249-4df6-a95a-7ba0c688dede,Lipo-C,WWB,110.00,t,other,,Q8K94,j4mes_r,425mg,,,2026-04-27 06:27:55.602322+00,2026-05-06 07:05:38.865+00,,,t,,f
727f6ce3-bfee-414c-bc42-15e483ccf227,SUPER SHRED,WWB,90.00,t,other,,Q8K94,j4mes_r,226mg,,,2026-04-27 06:27:55.708489+00,2026-05-06 07:05:39.946+00,,,t,,f
9cd7f661-f99f-4577-bcae-d5893da42a63,Lipo-C FAT BLASTER,WWB,110.00,t,other,,Q8K94,j4mes_r,526mg,,,2026-04-27 06:27:55.656599+00,2026-05-06 07:05:40.814+00,,,t,,f
928c6f50-830c-48d8-ad32-7de9120a22b6,SUPER Human-Blend,WWB,130.00,t,other,,Q8K94,j4mes_r,130mg,,,2026-04-27 06:27:55.734931+00,2026-05-06 07:05:42.109+00,,,t,,f
7e5969b6-679d-4148-9b6a-6e06bacba376,Lipo Mino Mix,WWB,100.00,t,other,,Q8K94,j4mes_r,200mg,,,2026-04-27 06:27:55.760383+00,2026-05-06 07:05:42.572+00,,,t,,f
65e2d776-79c3-44b6-a75a-bf6c5a13c58f,immunological enhancement,WWB,110.00,t,other,,Q8K94,j4mes_r,2000mcg,,,2026-04-27 06:27:55.786668+00,2026-05-06 07:05:43.874+00,,,t,,f
28ef6fbe-804d-494c-9109-c87b6fb2da09,B12,WWB,70.00,t,other,,Q8K94,j4mes_r,10mg,,,2026-04-27 06:27:55.915052+00,2026-05-06 07:05:44.405+00,,,t,,f
p053,Mots-C 40mg,Uther,160.00,t,,52,,,,-21,,2026-03-18 15:19:10.82+00,2026-05-05 19:15:04.144+00,,,t,,f
p077,AHK-CU 100mg,Uther,60.00,t,,77,,,,284,,2026-03-18 15:19:10.896+00,2026-05-05 19:15:04.144+00,,,t,,f
p059,Thymulin 20mg,Uther,100.00,t,,58,,,,495,,2026-03-18 15:19:10.836+00,2026-05-05 19:15:04.144+00,,,t,,f
p037,PT141 10mg,Uther,60.00,t,,36,,,,110,,2026-03-18 15:19:10.776+00,2026-05-05 19:15:04.144+00,,,t,,f
p046,Tesa / IPA / CJC No DAC 6/3/3mg,Uther,130.00,t,,45,,,,212,,2026-03-18 15:19:10.8+00,2026-05-05 19:15:04.144+00,,,t,,f
p023,Cyanocobalamin B12 1mg,Uther,60.00,t,,22,,,,100,,2026-03-18 15:19:10.732+00,2026-05-05 19:15:04.144+00,,,t,,f
p009,Retatrutide 10mg,Uther,95.00,t,,8,,,,154,,2026-03-18 15:19:10.694+00,2026-05-05 19:15:04.144+00,,,t,,f
p005,Tirzepatide 30mg,Uther,90.00,t,,4,,,,425,,2026-03-18 15:19:10.682+00,2026-05-05 19:15:04.144+00,,,t,,f
p030,BPC 157 10mg,Uther,45.00,t,,29,,,,428,,2026-03-18 15:19:10.751+00,2026-05-05 19:15:04.144+00,,,t,,f
p054,SS-31 10mg,Uther,75.00,t,,53,,,,269,,2026-03-18 15:19:10.823+00,2026-05-05 19:15:04.144+00,,,t,,f
p051,Mots-C 10mg,Uther,55.00,t,,50,,,,-4,,2026-03-18 15:19:10.814+00,2026-05-05 19:15:04.144+00,,,t,,f
p072,BPC 10mg / TB4 10mg Blend,Uther,135.00,t,,72,,,,198,,2026-03-18 15:19:10.874+00,2026-05-05 19:15:04.144+00,,,t,,f
p043,Melanotan I 10mg,Uther,50.00,t,,42,,,,269,,2026-03-18 15:19:10.792+00,2026-05-05 19:15:04.144+00,,,t,,f
p050,Tesamorelin 20mg,Uther,220.00,t,,49,,,,113,,2026-03-18 15:19:10.811+00,2026-05-05 19:15:04.144+00,,,t,,f
p087,KPV & GHK-CU Blend,Uther,110.00,t,,87,,,,238,,2026-03-18 15:19:10.923+00,2026-05-05 19:15:04.144+00,,,t,,f
p032,TB500 (TB4) 10mg,Uther,85.00,t,,31,,,,126,,2026-03-18 15:19:10.756+00,2026-05-05 19:15:04.144+00,,,t,,f
p057,Ipamorelin 10mg,Uther,80.00,t,,56,,,,160,,2026-03-18 15:19:10.831+00,2026-05-05 19:15:04.144+00,,,t,,f
p064,Na Selank 10mg,Uther,70.00,t,,63,,,,177,,2026-03-18 15:19:10.851+00,2026-05-05 19:15:04.144+00,,,t,,f
p045,CJC-1295 No DAC 10mg,Uther,140.00,t,,44,,,,137,,2026-03-18 15:19:10.797+00,2026-05-05 19:15:04.144+00,,,t,,f
prod-2320fe36,"Shipping Bulgaria, Croatia, Cyprus, Portugal & Estonia",RM,12.10,t,Shipping,,GW5JW,mkp_uk,,,,2026-05-02 08:10:54.453167+00,2026-05-02 21:46:33.354+00,,,t,,f
p089,KLOW (TB 10mg + BPC 10mg + KPV 10mg + GHK 50mg),Uther,160.00,t,,89,,,,153,,2026-03-18 15:19:10.929+00,2026-05-05 19:15:04.144+00,,,t,,f
p076,Tesa 10mg / Ipa 3mg Blend,Uther,165.00,t,,76,,,,275,,2026-03-18 15:19:10.893+00,2026-05-05 19:15:04.144+00,,,t,,f
p007,Tirzepatide 60mg,Uther,135.00,t,,6,,,,332,,2026-03-18 15:19:10.688+00,2026-05-05 19:15:04.144+00,,,t,,f
p002,Tirzepatide 10mg,Uther,65.00,t,,1,,,,370,,2026-03-18 15:19:10.673+00,2026-05-05 19:15:04.144+00,,,t,,f
p088,GLOW (TB4 10mg + BPC 10mg + GHK 50mg),Uther,135.00,t,,88,,,,79,,2026-03-18 15:19:10.926+00,2026-05-05 19:15:04.144+00,,,t,,f
p113,Testagen 20mg,Uther,120.00,t,,113,,,,311,,2026-03-18 15:19:10.994+00,2026-05-05 19:15:04.144+00,,,t,,f
p100,Glutathione 1500mg 10vials,Uther,85.00,t,,100,,,,-4,,2026-03-18 15:19:10.958+00,2026-05-05 19:15:04.144+00,,,t,,f
p016,Mazdutide 10mg,Uther,160.00,t,,15,,,,34,,2026-03-18 15:19:10.713+00,2026-05-05 19:15:04.144+00,,,t,,f
p093,Slup-332 500mcg,Uther,60.00,t,,93,,,,100,,2026-03-18 15:19:10.939+00,2026-05-05 19:15:04.144+00,,,t,,f
p094,Bam-15 50mg,Uther,300.00,t,,94,,,,100,,2026-03-18 15:19:10.942+00,2026-05-05 19:15:04.144+00,,,t,,f
p095,SLU 100mcg / BAM 25mg Blend 60 Tabs,Uther,95.00,t,,95,,,,100,,2026-03-18 15:19:10.944+00,2026-05-05 19:15:04.144+00,,,t,,f
p122,SNAP-8 10g,Uther,785.00,t,,122,,,,100,,2026-03-18 15:19:11.018+00,2026-05-05 19:15:04.144+00,,,t,,f
p109,Cartalax 20mg,Uther,120.00,t,,109,,,,106,,2026-03-18 15:19:10.982+00,2026-05-05 19:15:04.144+00,,,t,,f
p027,5-Amino-1MQ 10mg,Uther,55.00,t,,26,,,,245,,2026-03-18 15:19:10.743+00,2026-05-05 19:15:04.144+00,,,t,,f
prod-b60c8abb,AOD-9604 5mg,Uther,70.00,t,,66,,,,43,,2026-04-13 23:45:43.330477+00,2026-05-05 19:15:04.144+00,,,t,,f
p091,Ara-290 16mg,Uther,60.00,t,,91,,,,3,,2026-03-18 15:19:10.934+00,2026-05-05 19:15:04.144+00,,,t,,f
p001,Semaglutide 10mg,Uther,55.00,t,,0,,,,101,,2026-03-18 15:19:10.669+00,2026-05-05 19:15:04.144+00,,,t,,f
p106,Vesugen 20mg,Uther,120.00,t,,106,,,,227,,2026-03-18 15:19:10.974+00,2026-05-05 19:15:04.144+00,,,t,,f
p102,Cerebrolysin 30mg 10vials,Uther,45.00,t,,102,,,,243,,2026-03-18 15:19:10.963+00,2026-05-05 19:15:04.144+00,,,t,,f
p101,HMG 75IU 10vials,Uther,75.00,t,,101,,,,60,,2026-03-18 15:19:10.961+00,2026-05-05 19:15:04.144+00,,,t,,f
p022,L-Carnitine 500mg,Uther,160.00,t,,21,,,,100,,2026-03-18 15:19:10.729+00,2026-05-05 19:15:04.144+00,,,t,,f
p123,BPC 157 500mcg Tablets,Uther,55.00,t,,123,,,,100,,2026-03-18 15:19:11.021+00,2026-05-05 19:15:04.144+00,,,t,,f
p124,KPV 500mcg Tablets,Uther,55.00,t,,124,,,,100,,2026-03-18 15:19:11.024+00,2026-05-05 19:15:04.144+00,,,t,,f
p126,Orforglipron 12mg,Uther,130.00,t,,126,,,,100,,2026-03-18 15:19:11.03+00,2026-05-05 19:15:04.144+00,,,t,,f
