jti,expires_at,revoked_at
59f29cca-2785-459b-b0e7-263a31ed7ba2,2026-05-08 15:10:50+00,2026-05-01 15:23:49.131173+00
64c7ffe6-3060-4e50-b5af-0e9a9c0689c7,2026-05-09 07:58:45+00,2026-05-02 08:16:22.954226+00
cb57c185-24d7-43ee-a19a-16f900fb8840,2026-05-09 18:50:12+00,2026-05-02 22:49:01.178085+00
e4268b50-6040-4211-bde7-3b36b09bbc4c,2026-05-09 21:17:17+00,2026-05-03 06:58:17.697453+00
60e3e393-d129-4f2b-ab1d-cd034679318a,2026-05-10 06:59:57+00,2026-05-03 07:51:17.595312+00
b00edf43-cc32-42da-a02a-50ccf08c8900,2026-05-10 11:10:10+00,2026-05-03 11:18:33.95504+00
0e24195f-b91c-4d05-b8c4-5cd3830f2def,2026-05-09 00:49:25+00,2026-05-03 12:29:09.742534+00
22723176-a436-429d-b404-1c76b5c7d348,2026-05-10 15:45:50+00,2026-05-03 17:44:55.169319+00
ff42cc8b-453d-4d08-88cd-8682ea417394,2026-05-09 21:20:47+00,2026-05-03 20:10:55.473423+00
cdd4711b-fcee-4741-8eaa-752de542c15d,2026-05-10 22:15:39+00,2026-05-03 22:15:48.468793+00
9cb479b6-7c42-448d-8e6b-f0e03a798aa6,2026-05-11 19:33:09+00,2026-05-04 19:37:10.643126+00
b6ebb8d0-f56d-4609-9f02-a7fad1dfe71c,2026-05-09 18:39:06+00,2026-05-04 20:01:55.211107+00
2ff80fe9-1caa-4a33-850c-d9d8a0fb67cd,2026-05-08 06:28:08+00,2026-05-04 21:46:11.431373+00
ddce2406-e41d-48d7-a8b7-386a59e4a564,2026-05-11 20:21:10+00,2026-05-05 12:14:01.039652+00
e4b0e4ff-47ce-4658-8e6e-2ab2899ba280,2026-05-12 12:14:14+00,2026-05-05 12:25:49.073689+00
a7ecfb5c-324a-488a-b3a3-8ab1abcaf646,2026-05-12 11:25:14+00,2026-05-05 12:54:55.352201+00
eec0f34a-0d16-449a-bb42-56918c65c614,2026-05-10 18:55:46+00,2026-05-05 18:30:45.319412+00
69795f65-ade3-438d-bfac-baeadadc521e,2026-05-09 09:03:16+00,2026-05-05 21:38:02.00259+00
a4f3f6e8-0ff6-4126-ba1b-dfd7477c734c,2026-05-08 06:21:46+00,2026-05-06 08:11:56.857551+00
42ff79ef-e089-4edc-a51c-91b500fe4468,2026-05-13 08:32:35+00,2026-05-06 08:33:32.316894+00
81896936-cf3e-438b-892b-f36ee2c807c2,2026-05-11 10:36:42+00,2026-05-06 10:03:40.233036+00
ddf975d7-39ce-416d-ba8f-b1d55f112554,2026-05-13 10:04:19+00,2026-05-06 10:04:23.212995+00
b5bc6c64-42b1-4c5f-839d-221cc938152e,2026-05-10 17:55:18+00,2026-05-06 10:18:42.552924+00
498161c2-c781-45d4-8e3f-60fdb2bab505,2026-05-13 08:33:56+00,2026-05-06 10:21:58.583783+00
ade4dd57-8241-46af-babb-e0a3d684938e,2026-05-13 12:49:18+00,2026-05-06 12:55:30.396468+00
c486c950-23e2-4a70-9cdf-a26064a06ff6,2026-05-13 12:55:54+00,2026-05-06 13:06:40.318455+00
0e63b9b3-05dd-45ab-b0fd-56cf8474a440,2026-05-11 13:16:54+00,2026-05-06 13:57:31.264261+00
29a0e69e-e9c3-4227-b755-c19338747dca,2026-05-13 19:15:10+00,2026-05-06 19:17:06.545313+00
b3e60e10-2ed0-4910-abdb-d0bd32675b72,2026-05-11 12:35:28+00,2026-05-07 01:27:05.816892+00
2f3c211f-4d97-4298-abbc-8fb70c735c87,2026-05-09 22:49:05+00,2026-05-07 15:10:39.288277+00
d210d0b0-eb43-495b-a600-b5c803e5d1ae,2026-05-14 15:10:44+00,2026-05-07 15:40:38.077936+00
aa4e48f6-97fb-4dd3-b363-5cad3bb001cf,2026-05-14 15:40:44+00,2026-05-07 15:40:53.829787+00
